CONTID,ORGID,DEPART,POST,FIO,PHONE,FAX,EMAIL,IS_GEN,IS_VUS,FAM,IM,OTCH
3,3,Управление,Руководитель,"Вонг Игорь Сергеевич",,,,1,1,Вонг,Игорь,Сергеевич
4,4,Управление,Руководитель,"Ли Эвелина Альфредовна",,,,1,1,Ли,Эвелина,Альфредовна
5,5,Управление,Руководитель,"Зайцев Андрей Валентинович",,,,1,1,Зайцев,Андрей,Валентинович
6,6,Управление,Руководитель,"Тихонова Анастасия Викторовна",,,,1,1,Тихонова,Анастасия,Викторовна
7,7,Управление,Руководитель,"Алиева Анна Сергеевна",,,,1,1,Алиева,Анна,Сергеевна
8,8,Управление,Руководитель,"Андреев Виктор Павлович",,,,1,1,Андреев,Виктор,Павлович
9,9,Управление,Руководитель,"Иванов Павел Алишарович",,,,1,1,Иванов,Павел,Алишарович
10,10,Управление,Руководитель,"Беляков Тимофей Тимофеевич",,,,1,1,Беляков,Тимофей,Тимофеевич
11,11,Управление,Руководитель,"Миронова Александра Андреевна",,,,1,1,Миронова,Александра,Андреевна
12,12,Управление,Руководитель,"Тихонова Любовь Тимофеевна",,,,1,1,Тихонова,Любовь,Тимофеевна
13,13,Управление,Руководитель,"Зайцев Юрий Павлович",,,,1,1,Зайцев,Юрий,Павлович
14,14,Управление,Руководитель,"Титов Игорь Николаевич",,,,1,1,Титов,Игорь,Николаевич
15,15,Управление,Руководитель,"Белякова Наталья Павловна",,,,1,1,Белякова,Наталья,Павловна
16,16,Управление,Руководитель,"Тихонов Сергей Владленович",,,,1,1,Тихонов,Сергей,Владленович
17,17,Управление,Руководитель,"Сидоров Алишар Павлович",,,,1,1,Сидоров,Алишар,Павлович
18,18,Управление,Руководитель,"Иванов Петр Петрович",,,,1,1,Иванов,Петр,Петрович
19,19,Управление,Руководитель,"Григорян Альфред Петрович",,,,1,1,Григорян,Альфред,Петрович
20,20,Управление,Руководитель,"Иванова Любовь Михайловна",,,,1,1,Иванова,Любовь,Михайловна
21,21,Управление,Руководитель,"Сидоров Алексей Алексеевич",,,,1,1,Сидоров,Алексей,Алексеевич
22,22,Управление,Руководитель,"Титова Анастасия Игоревна",,,,1,1,Титова,Анастасия,Игоревна
23,23,Управление,Руководитель,"Петров Альфред Андреевич",,,,1,1,Петров,Альфред,Андреевич
24,24,Управление,Руководитель,"Николаева Ольга Владиславовна",,,,1,1,Николаева,Ольга,Владиславовна
25,25,Управление,Руководитель,"Тахидзе Елена Тимофеевна",,,,1,1,Тахидзе,Елена,Тимофеевна
26,26,Управление,Руководитель,"Титов Алишар Евгениевич",,,,1,1,Титов,Алишар,Евгениевич
27,27,Управление,Руководитель,"Соколов Альфред Николаевич",,,,1,1,Соколов,Альфред,Николаевич
28,28,Управление,Руководитель,"Иванова Елена Павловна",,,,1,1,Иванова,Елена,Павловна
29,29,Управление,Руководитель,"Новикова Елена Альфредовна",,,,1,1,Новикова,Елена,Альфредовна
30,30,Управление,Руководитель,"Миронова Надежда Валентиновна",,,,1,1,Миронова,Надежда,Валентиновна
31,31,Управление,Руководитель,"Сидоров Альфред Игоревич",,,,1,1,Сидоров,Альфред,Игоревич
32,32,Управление,Руководитель,"Николаев Евгений Иванович",,,,1,1,Николаев,Евгений,Иванович
33,33,Управление,Руководитель,"Петров Владлен Павлович",,,,1,1,Петров,Владлен,Павлович
34,34,Управление,Руководитель,"Ванин Петр Петрович",,,,1,1,Ванин,Петр,Петрович
35,35,Управление,Руководитель,"Николаев Гиви Петрович",,,,1,1,Николаев,Гиви,Петрович
36,36,Управление,Руководитель,"Вонг Павел Андреевич",,,,1,1,Вонг,Павел,Андреевич
37,37,Управление,Руководитель,"Григорян Валентин Сергеевич",,,,1,1,Григорян,Валентин,Сергеевич
38,38,Управление,Руководитель,"Иванов Андрей Алексеевич",,,,1,1,Иванов,Андрей,Алексеевич
39,39,Управление,Руководитель,"Тихонова Любовь Юрьевна",,,,1,1,Тихонова,Любовь,Юрьевна
40,40,Управление,Руководитель,"Миронов Гиви Антонович",,,,1,1,Миронов,Гиви,Антонович
41,41,Управление,Руководитель,"Иванова Наталья Владленовна",,,,1,1,Иванова,Наталья,Владленовна
42,42,Управление,Руководитель,"Миронов Антон Игоревич",,,,1,1,Миронов,Антон,Игоревич
43,43,Управление,Руководитель,"Иванов Андрей Юрьевич",,,,1,1,Иванов,Андрей,Юрьевич
44,44,Управление,Руководитель,"Петров Альфред Юрьевич",,,,1,1,Петров,Альфред,Юрьевич
45,45,Управление,Руководитель,"Зайцев Владлен Андреевич",,,,1,1,Зайцев,Владлен,Андреевич
46,46,Управление,Руководитель,"Титов Юрий Андреевич",,,,1,1,Титов,Юрий,Андреевич
47,47,Управление,Руководитель,"Николаева Гюльчатай Викторовна",,,,1,1,Николаева,Гюльчатай,Викторовна
48,48,Управление,Руководитель,"Тихонов Юрий Альфредович",,,,1,1,Тихонов,Юрий,Альфредович
49,49,Управление,Руководитель,"Вонг Виктор Павлович",,,,1,1,Вонг,Виктор,Павлович
50,50,Управление,Руководитель,"Тихонов Валентин Валентинович",,,,1,1,Тихонов,Валентин,Валентинович
51,51,Управление,Руководитель,"Новиков Андрей Андреевич",,,,1,1,Новиков,Андрей,Андреевич
52,52,Управление,Руководитель,"Тимофеев Юрий Викторович",,,,1,1,Тимофеев,Юрий,Викторович
53,53,Управление,Руководитель,"Петров Альфред Андреевич",,,,1,1,Петров,Альфред,Андреевич
54,54,Управление,Руководитель,"Тимофеев Павел Владиславович",,,,1,1,Тимофеев,Павел,Владиславович
55,55,Управление,Руководитель,"Титова Анастасия Ивановна",,,,1,1,Титова,Анастасия,Ивановна
56,56,Управление,Руководитель,"Новиков Валентин Владленович",,,,1,1,Новиков,Валентин,Владленович
57,57,Управление,Руководитель,"Миронов Андрей Альфредович",,,,1,1,Миронов,Андрей,Альфредович
58,58,Управление,Руководитель,"Алиев Сергей Альфредович",,,,1,1,Алиев,Сергей,Альфредович
59,59,Управление,Руководитель,"Вонг Иван Алексеевич",,,,1,1,Вонг,Иван,Алексеевич
60,60,Управление,Руководитель,"Григорян Юлия Николаевна",,,,1,1,Григорян,Юлия,Николаевна
61,61,Управление,Руководитель,"Петров Николай Николаевич",,,,1,1,Петров,Николай,Николаевич
62,62,Управление,Руководитель,"Беляков Альфред Евгениевич",,,,1,1,Беляков,Альфред,Евгениевич
63,63,Управление,Руководитель,"Беляков Антон Владиславович",,,,1,1,Беляков,Антон,Владиславович
64,64,Управление,Руководитель,"Николаев Гиви Валентинович",,,,1,1,Николаев,Гиви,Валентинович
65,65,Управление,Руководитель,"Петров Виктор Петрович",,,,1,1,Петров,Виктор,Петрович
66,66,Управление,Руководитель,"Беляков Владлен Тимофеевич",,,,1,1,Беляков,Владлен,Тимофеевич
67,67,Управление,Руководитель,"Вейцель Игорь Игоревич",,,,1,1,Вейцель,Игорь,Игоревич
68,68,Управление,Руководитель,"Ванин Иван Алексеевич",,,,1,1,Ванин,Иван,Алексеевич
69,69,Управление,Руководитель,"Соколова Любовь Юрьевна",,,,1,1,Соколова,Любовь,Юрьевна
70,70,Управление,Руководитель,"Николаева Раиса Петровна",,,,1,1,Николаева,Раиса,Петровна
71,71,Управление,Руководитель,"Беляков Сергей Евгениевич",,,,1,1,Беляков,Сергей,Евгениевич
73,73,Управление,Руководитель,"Иванов Николай Алишарович",,,,1,1,Иванов,Николай,Алишарович
74,74,Управление,Руководитель,"Петров Владлен Альфредович",,,,1,1,Петров,Владлен,Альфредович
75,75,Управление,Руководитель,"Беляков Юрий Петрович",,,,1,1,Беляков,Юрий,Петрович
76,76,Управление,Руководитель,"Тимофеев Алишар Викторович",,,,1,1,Тимофеев,Алишар,Викторович
77,77,Управление,Руководитель,"Тихонова Любовь Алишаровна",,,,1,1,Тихонова,Любовь,Алишаровна
78,78,Управление,Руководитель,"Тахидзе Александра Алексеевна",,,,1,1,Тахидзе,Александра,Алексеевна
79,79,Управление,Руководитель,"Тимофеев Иван Антонович",,,,1,1,Тимофеев,Иван,Антонович
80,80,Управление,Руководитель,"Титова Алла Тимофеевна",,,,1,1,Титова,Алла,Тимофеевна
81,81,Управление,Руководитель,"Тахидзе Сергей Павлович",,,,1,1,Тахидзе,Сергей,Павлович
82,82,Управление,Руководитель,"Тихонов Николай Сергеевич",,,,1,1,Тихонов,Николай,Сергеевич
83,83,Управление,Руководитель,"Тихонова Раиса Алишаровна",,,,1,1,Тихонова,Раиса,Алишаровна
84,84,Управление,Руководитель,"Титов Иван Евгениевич",,,,1,1,Титов,Иван,Евгениевич
85,85,Управление,Руководитель,"Андреева Мария Ивановна",,,,1,1,Андреева,Мария,Ивановна
86,86,Управление,Руководитель,"Миронова Шахеризада Николаевна",,,,1,1,Миронова,Шахеризада,Николаевна
87,87,Управление,Руководитель,"Тихонова Анна Юрьевна",,,,1,1,Тихонова,Анна,Юрьевна
88,88,Управление,Руководитель,"Соколова Вера Михайловна",,,,1,1,Соколова,Вера,Михайловна
89,89,Управление,Руководитель,"Ли Андрей Альфредович",,,,1,1,Ли,Андрей,Альфредович
90,90,Управление,Руководитель,"Миронова Вера Ивановна",,,,1,1,Миронова,Вера,Ивановна
91,91,Управление,Руководитель,"Иванова Надежда Петровна",,,,1,1,Иванова,Надежда,Петровна
92,92,Управление,Руководитель,"Вонг Петр Павлович",,,,1,1,Вонг,Петр,Павлович
93,93,Управление,Руководитель,"Ванина Анастасия Антоновна",,,,1,1,Ванина,Анастасия,Антоновна
94,94,Управление,Руководитель,"Ли Владлен Сергеевич",,,,1,1,Ли,Владлен,Сергеевич
95,95,Управление,Руководитель,"Тимофеев Алексей Владиславович",,,,1,1,Тимофеев,Алексей,Владиславович
96,96,Управление,Руководитель,"Тахидзе Юрий Алексеевич",,,,1,1,Тахидзе,Юрий,Алексеевич
97,97,Управление,Руководитель,"Сидорова Наталья Алишаровна",,,,1,1,Сидорова,Наталья,Алишаровна
98,98,Управление,Руководитель,"Иванов Николай Михайлович",,,,1,1,Иванов,Николай,Михайлович
99,99,Управление,Руководитель,"Петров Алексей Антонович",,,,1,1,Петров,Алексей,Антонович
100,100,Управление,Руководитель,"Ванин Петр Валентинович",,,,1,1,Ванин,Петр,Валентинович
101,101,Управление,Руководитель,"Беляков Николай Владленович",,,,1,1,Беляков,Николай,Владленович
102,102,Управление,Руководитель,"Николаева Юлия Михайловна",,,,1,1,Николаева,Юлия,Михайловна
103,103,Управление,Руководитель,"Тимофеева Любовь Альфредовна",,,,1,1,Тимофеева,Любовь,Альфредовна
104,104,Управление,Руководитель,"Зайцев Николай Петрович",,,,1,1,Зайцев,Николай,Петрович
105,105,Управление,Руководитель,"Новиков Андрей Валентинович",,,,1,1,Новиков,Андрей,Валентинович
106,106,Управление,Руководитель,"Ванин Антон Андреевич",,,,1,1,Ванин,Антон,Андреевич
107,107,Управление,Руководитель,"Миронова Марина Андреевна",,,,1,1,Миронова,Марина,Андреевна
108,108,Управление,Руководитель,"Соколов Петр Тимофеевич",,,,1,1,Соколов,Петр,Тимофеевич
109,109,Управление,Руководитель,"Николаева Шахеризада Тимофеевна",,,,1,1,Николаева,Шахеризада,Тимофеевна
110,110,Управление,Руководитель,"Беляков Виктор Игоревич",,,,1,1,Беляков,Виктор,Игоревич
111,111,Управление,Руководитель,"Петрова Гюльчатай Альфредовна",,,,1,1,Петрова,Гюльчатай,Альфредовна
112,112,Управление,Руководитель,"Миронов Виктор Николаевич",,,,1,1,Миронов,Виктор,Николаевич
113,113,Управление,Руководитель,"Вейцель Евгений Андреевич",,,,1,1,Вейцель,Евгений,Андреевич
114,114,Управление,Руководитель,"Новиков Валентин Викторович",,,,1,1,Новиков,Валентин,Викторович
115,115,Управление,Руководитель,"Тимофеев Петр Павлович",,,,1,1,Тимофеев,Петр,Павлович
116,116,Управление,Руководитель,"Соколов Иван Петрович",,,,1,1,Соколов,Иван,Петрович
118,118,Управление,Руководитель,"Тахидзе Анастасия Владленовна",,,,1,1,Тахидзе,Анастасия,Владленовна
119,119,Управление,Руководитель,"Вейцель Антон Алишарович",,,,1,1,Вейцель,Антон,Алишарович
120,120,Управление,Руководитель,"Иванов Андрей Иванович",,,,1,1,Иванов,Андрей,Иванович
121,121,Управление,Руководитель,"Вонг Гюльчатай Евгениевна",,,,1,1,Вонг,Гюльчатай,Евгениевна
122,122,Управление,Руководитель,"Тимофеев Николай Антонович",,,,1,1,Тимофеев,Николай,Антонович
123,123,Управление,Руководитель,"Тимофеев Михаил Николаевич",,,,1,1,Тимофеев,Михаил,Николаевич
124,124,Управление,Руководитель,"Андреев Виктор Юрьевич",,,,1,1,Андреев,Виктор,Юрьевич
125,125,Управление,Руководитель,"Андреев Павел Юрьевич",,,,1,1,Андреев,Павел,Юрьевич
126,126,Управление,Руководитель,"Петрова Антонина Игоревна",,,,1,1,Петрова,Антонина,Игоревна
127,127,Управление,Руководитель,"Тахидзе Вера Андреевна",,,,1,1,Тахидзе,Вера,Андреевна
128,128,Управление,Руководитель,"Тахидзе Владислав Игоревич",,,,1,1,Тахидзе,Владислав,Игоревич
129,129,Управление,Руководитель,"Петров Алексей Викторович",,,,1,1,Петров,Алексей,Викторович
130,130,Управление,Руководитель,"Миронов Николай Альфредович",,,,1,1,Миронов,Николай,Альфредович
131,131,Управление,Руководитель,"Новиков Тимофей Антонович",,,,1,1,Новиков,Тимофей,Антонович
132,132,Управление,Руководитель,"Петров Сергей Сергеевич",,,,1,1,Петров,Сергей,Сергеевич
133,133,Управление,Руководитель,"Соколов Альфред Антонович",,,,1,1,Соколов,Альфред,Антонович
134,134,Управление,Руководитель,"Николаев Алексей Павлович",,,,1,1,Николаев,Алексей,Павлович
135,135,Управление,Руководитель,"Вонг Виктор Владленович",,,,1,1,Вонг,Виктор,Владленович
136,136,Управление,Руководитель,"Беляков Андрей Андреевич",,,,1,1,Беляков,Андрей,Андреевич
137,137,Управление,Руководитель,"Зайцева Гюрза Алексеевна",,,,1,1,Зайцева,Гюрза,Алексеевна
138,138,Управление,Руководитель,"Тихонов Алишар Альфредович",,,,1,1,Тихонов,Алишар,Альфредович
139,139,Управление,Руководитель,"Алиева Надежда Сергеевна",,,,1,1,Алиева,Надежда,Сергеевна
140,140,Управление,Руководитель,"Ли Николай Альфредович",,,,1,1,Ли,Николай,Альфредович
141,141,Управление,Руководитель,"Миронов Владлен Валентинович",,,,1,1,Миронов,Владлен,Валентинович
142,142,Управление,Руководитель,"Алиев Петр Алишарович",,,,1,1,Алиев,Петр,Алишарович
143,143,Управление,Руководитель,"Ли Людмила Юрьевна",,,,1,1,Ли,Людмила,Юрьевна
144,144,Управление,Руководитель,"Тахидзе Ольга Алексеевна",,,,1,1,Тахидзе,Ольга,Алексеевна
145,145,Управление,Руководитель,"Иванова Эвелина Юрьевна",,,,1,1,Иванова,Эвелина,Юрьевна
146,146,Управление,Руководитель,"Ванина Гюрза Алишаровна",,,,1,1,Ванина,Гюрза,Алишаровна
147,147,Управление,Руководитель,"Григорян Раиса Тимофеевна",,,,1,1,Григорян,Раиса,Тимофеевна
148,148,Управление,Руководитель,"Титова Анастасия Сергеевна",,,,1,1,Титова,Анастасия,Сергеевна
149,149,Управление,Руководитель,"Вонг Алишар Викторович",,,,1,1,Вонг,Алишар,Викторович
150,150,Управление,Руководитель,"Тимофеев Виктор Николаевич",,,,1,1,Тимофеев,Виктор,Николаевич
151,151,Управление,Руководитель,"Тимофеев Андрей Иванович",,,,1,1,Тимофеев,Андрей,Иванович
152,152,Управление,Руководитель,"Тахидзе Альфред Тимофеевич",,,,1,1,Тахидзе,Альфред,Тимофеевич
153,153,Управление,Руководитель,"Иванов Петр Владленович",,,,1,1,Иванов,Петр,Владленович
154,154,Управление,Руководитель,"Николаев Павел Николаевич",,,,1,1,Николаев,Павел,Николаевич
155,155,Управление,Руководитель,"Григорян Владислав Петрович",,,,1,1,Григорян,Владислав,Петрович
156,156,Управление,Руководитель,"Вонг Алишар Петрович",,,,1,1,Вонг,Алишар,Петрович
157,157,Управление,Руководитель,"Соколов Михаил Сергеевич",,,,1,1,Соколов,Михаил,Сергеевич
158,158,Управление,Руководитель,"Григорян Анна Сергеевна",,,,1,1,Григорян,Анна,Сергеевна
159,159,Управление,Руководитель,"Алиев Владислав Алишарович",,,,1,1,Алиев,Владислав,Алишарович
160,160,Управление,Руководитель,"Тихонова Александра Павловна",,,,1,1,Тихонова,Александра,Павловна
161,161,Управление,Руководитель,"Титов Петр Юрьевич",,,,1,1,Титов,Петр,Юрьевич
162,162,Управление,Руководитель,"Андреев Виктор Игоревич",,,,1,1,Андреев,Виктор,Игоревич
163,163,Управление,Руководитель,"Ванина Александра Тимофеевна",,,,1,1,Ванина,Александра,Тимофеевна
164,164,Управление,Руководитель,"Андреев Андрей Павлович",,,,1,1,Андреев,Андрей,Павлович
165,165,Управление,Руководитель,"Андреев Михаил Евгениевич",,,,1,1,Андреев,Михаил,Евгениевич
166,166,Управление,Руководитель,"Миронов Евгений Викторович",,,,1,1,Миронов,Евгений,Викторович
167,167,Управление,Руководитель,"Тимофеева Любовь Алексеевна",,,,1,1,Тимофеева,Любовь,Алексеевна
168,168,Управление,Руководитель,"Андреев Михаил Сергеевич",,,,1,1,Андреев,Михаил,Сергеевич
169,169,Управление,Руководитель,"Ванин Евгений Алексеевич",,,,1,1,Ванин,Евгений,Алексеевич
170,170,Управление,Руководитель,"Тахидзе Тимофей Игоревич",,,,1,1,Тахидзе,Тимофей,Игоревич
171,171,Управление,Руководитель,"Белякова Гюльчатай Ивановна",,,,1,1,Белякова,Гюльчатай,Ивановна
172,172,Управление,Руководитель,"Зайцев Виктор Сергеевич",,,,1,1,Зайцев,Виктор,Сергеевич
173,176,Управление,Руководитель,"Ванина Мария Юрьевна",,,,1,1,Ванина,Мария,Юрьевна
174,173,Управление,Руководитель,"Тахидзе Тимофей Михайлович",,,,1,1,Тахидзе,Тимофей,Михайлович
175,174,Управление,Руководитель,"Григорян Валентин Михайлович",,,,1,1,Григорян,Валентин,Михайлович
176,175,Управление,Руководитель,"Ванина Анастасия Михайловна",,,,1,1,Ванина,Анастасия,Михайловна
177,177,Управление,Руководитель,"Миронов Евгений Антонович",,,,1,1,Миронов,Евгений,Антонович
178,178,Управление,Руководитель,"Зайцева Марина Тимофеевна",,,,1,1,Зайцева,Марина,Тимофеевна
179,179,Управление,Руководитель,"Николаев Владислав Юрьевич",,,,1,1,Николаев,Владислав,Юрьевич
180,180,Управление,Руководитель,"Тимофеева Алла Юрьевна",,,,1,1,Тимофеева,Алла,Юрьевна
181,181,Управление,Руководитель,"Тимофеева Юлия Альфредовна",,,,1,1,Тимофеева,Юлия,Альфредовна
182,182,Управление,Руководитель,"Тихонов Владлен Сергеевич",,,,1,1,Тихонов,Владлен,Сергеевич
183,183,Управление,Руководитель,"Алиева Анастасия Викторовна",,,,1,1,Алиева,Анастасия,Викторовна
184,184,Управление,Руководитель,"Титова Елена Петровна",,,,1,1,Титова,Елена,Петровна
185,185,Управление,Руководитель,"Ли Любовь Петровна",,,,1,1,Ли,Любовь,Петровна
186,186,Управление,Руководитель,"Зайцева Анастасия Владиславовна",,,,1,1,Зайцева,Анастасия,Владиславовна
187,187,Управление,Руководитель,"Сидорова Юлия Петровна",,,,1,1,Сидорова,Юлия,Петровна
188,188,Управление,Руководитель,"Вонг Мария Евгениевна",,,,1,1,Вонг,Мария,Евгениевна
189,189,Управление,Руководитель,"Николаев Гиви Андреевич",,,,1,1,Николаев,Гиви,Андреевич
190,190,Управление,Руководитель,"Миронова Надежда Антоновна",,,,1,1,Миронова,Надежда,Антоновна
191,191,Управление,Руководитель,"Иванов Гиви Евгениевич",,,,1,1,Иванов,Гиви,Евгениевич
192,192,Управление,Руководитель,"Тимофеева Марина Альфредовна",,,,1,1,Тимофеева,Марина,Альфредовна
193,193,Управление,Руководитель,"Сидоров Андрей Игоревич",,,,1,1,Сидоров,Андрей,Игоревич
194,194,Управление,Руководитель,"Тихонова Раиса Игоревна",,,,1,1,Тихонова,Раиса,Игоревна
195,195,Управление,Руководитель,"Николаева Марина Антоновна",,,,1,1,Николаева,Марина,Антоновна
197,197,Управление,Руководитель,"Тахидзе Павел Андреевич",,,,1,1,Тахидзе,Павел,Андреевич
198,198,Управление,Руководитель,"Алиев Павел Игоревич",,,,1,1,Алиев,Павел,Игоревич
199,199,Управление,Руководитель,"Вонг Юрий Владленович",,,,1,1,Вонг,Юрий,Владленович
200,200,Управление,Руководитель,"Николаева Алла Викторовна",,,,1,1,Николаева,Алла,Викторовна
201,201,Управление,Руководитель,"Тихонов Тимофей Иванович",,,,1,1,Тихонов,Тимофей,Иванович
202,202,Управление,Руководитель,"Зайцева Гюльчатай Николаевна",,,,1,1,Зайцева,Гюльчатай,Николаевна
204,204,Управление,Руководитель,"Григорян Михаил Игоревич",,,,1,1,Григорян,Михаил,Игоревич
205,205,Управление,Руководитель,"Беляков Игорь Антонович",,,,1,1,Беляков,Игорь,Антонович
206,206,Управление,Руководитель,"Титов Евгений Владиславович",,,,1,1,Титов,Евгений,Владиславович
207,207,Управление,Руководитель,"Андреев Алексей Викторович",,,,1,1,Андреев,Алексей,Викторович
208,208,Управление,Руководитель,"Петров Тимофей Владиславович",,,,1,1,Петров,Тимофей,Владиславович
209,209,Управление,Руководитель,"Титова Юлия Владиславовна",,,,1,1,Титова,Юлия,Владиславовна
210,210,Управление,Руководитель,"Григорян Эвелина Владиславовна",,,,1,1,Григорян,Эвелина,Владиславовна
211,211,Управление,Руководитель,"Белякова Шахеризада Викторовна",,,,1,1,Белякова,Шахеризада,Викторовна
212,212,Управление,Руководитель,"Зайцева Эвелина Валентиновна",,,,1,1,Зайцева,Эвелина,Валентиновна
213,213,Управление,Руководитель,"Григорян Любовь Игоревна",,,,1,1,Григорян,Любовь,Игоревна
214,214,Управление,Руководитель,"Ли Евгений Михайлович",,,,1,1,Ли,Евгений,Михайлович
215,215,Управление,Руководитель,"Тахидзе Сергей Юрьевич",,,,1,1,Тахидзе,Сергей,Юрьевич
216,216,Управление,Руководитель,"Беляков Иван Владиславович",,,,1,1,Беляков,Иван,Владиславович
217,217,Управление,Руководитель,"Сидоров Иван Антонович",,,,1,1,Сидоров,Иван,Антонович
218,218,Управление,Руководитель,"Григорян Александра Евгениевна",,,,1,1,Григорян,Александра,Евгениевна
219,219,Управление,Руководитель,"Николаев Антон Алексеевич",,,,1,1,Николаев,Антон,Алексеевич
220,220,Управление,Руководитель,"Титова Раиса Викторовна",,,,1,1,Титова,Раиса,Викторовна
221,221,Управление,Руководитель,"Андреева Эвелина Николаевна",,,,1,1,Андреева,Эвелина,Николаевна
222,222,Управление,Руководитель,"Титов Тимофей Викторович",,,,1,1,Титов,Тимофей,Викторович
223,223,Управление,Руководитель,"Вонг Михаил Викторович",,,,1,1,Вонг,Михаил,Викторович
224,224,Управление,Руководитель,"Вонг Анастасия Алишаровна",,,,1,1,Вонг,Анастасия,Алишаровна
226,226,Управление,Руководитель,"Вейцель Алла Алишаровна",,,,1,1,Вейцель,Алла,Алишаровна
227,227,Управление,Руководитель,"Ли Вера Владиславовна",,,,1,1,Ли,Вера,Владиславовна
228,228,Управление,Руководитель,"Сидорова Мария Альфредовна",,,,1,1,Сидорова,Мария,Альфредовна
229,229,Управление,Руководитель,"Миронова Юлия Владиславовна",,,,1,1,Миронова,Юлия,Владиславовна
230,230,Управление,Руководитель,"Григорян Михаил Петрович",,,,1,1,Григорян,Михаил,Петрович
231,231,Управление,Руководитель,"Ли Ольга Антоновна",,,,1,1,Ли,Ольга,Антоновна
232,232,Управление,Руководитель,"Белякова Гюльчатай Павловна",,,,1,1,Белякова,Гюльчатай,Павловна
233,233,Управление,Руководитель,"Вонг Павел Владиславович",,,,1,1,Вонг,Павел,Владиславович
234,234,Управление,Руководитель,"Вейцель Игорь Петрович",,,,1,1,Вейцель,Игорь,Петрович
235,235,Управление,Руководитель,"Вонг Алишар Альфредович",,,,1,1,Вонг,Алишар,Альфредович
236,236,Управление,Руководитель,"Сидоров Петр Петрович",,,,1,1,Сидоров,Петр,Петрович
237,237,Управление,Руководитель,"Зайцев Евгений Андреевич",,,,1,1,Зайцев,Евгений,Андреевич
239,239,Управление,Руководитель,"Алиев Гиви Иванович",,,,1,1,Алиев,Гиви,Иванович
240,240,Управление,Руководитель,"Титова Александра Владленовна",,,,1,1,Титова,Александра,Владленовна
241,241,Управление,Руководитель,"Андреев Валентин Владиславович",,,,1,1,Андреев,Валентин,Владиславович
242,242,Управление,Руководитель,"Алиева Александра Андреевна",,,,1,1,Алиева,Александра,Андреевна
243,243,Управление,Руководитель,"Григорян Владлен Владиславович",,,,1,1,Григорян,Владлен,Владиславович
244,244,Управление,Руководитель,"Николаева Любовь Петровна",,,,1,1,Николаева,Любовь,Петровна
245,245,Управление,Руководитель,"Вонг Альфред Владленович",,,,1,1,Вонг,Альфред,Владленович
246,246,Управление,Руководитель,"Николаев Антон Евгениевич",,,,1,1,Николаев,Антон,Евгениевич
247,247,Управление,Руководитель,"Андреева Елена Андреевна",,,,1,1,Андреева,Елена,Андреевна
248,248,Управление,Руководитель,"Соколов Игорь Тимофеевич",,,,1,1,Соколов,Игорь,Тимофеевич
249,249,Управление,Руководитель,"Ли Валентин Игоревич",,,,1,1,Ли,Валентин,Игоревич
250,250,Управление,Руководитель,"Новиков Михаил Альфредович",,,,1,1,Новиков,Михаил,Альфредович
251,251,Управление,Руководитель,"Новиков Петр Михайлович",,,,1,1,Новиков,Петр,Михайлович
252,252,Управление,Руководитель,"Беляков Виктор Альфредович",,,,1,1,Беляков,Виктор,Альфредович
253,253,Управление,Руководитель,"Беляков Евгений Сергеевич",,,,1,1,Беляков,Евгений,Сергеевич
254,254,Управление,Руководитель,"Ванин Альфред Антонович",,,,1,1,Ванин,Альфред,Антонович
255,255,Управление,Руководитель,"Тахидзе Николай Альфредович",,,,1,1,Тахидзе,Николай,Альфредович
256,256,Управление,Руководитель,"Сидорова Наталья Сергеевна",,,,1,1,Сидорова,Наталья,Сергеевна
257,257,Управление,Руководитель,"Тахидзе Марина Михайловна",,,,1,1,Тахидзе,Марина,Михайловна
258,258,Управление,Руководитель,"Соколов Юрий Алексеевич",,,,1,1,Соколов,Юрий,Алексеевич
259,259,Управление,Руководитель,"Тихонов Валентин Валентинович",,,,1,1,Тихонов,Валентин,Валентинович
260,260,Управление,Руководитель,"Соколова Гюльчатай Петровна",,,,1,1,Соколова,Гюльчатай,Петровна
261,261,Управление,Руководитель,"Ли Алексей Михайлович",,,,1,1,Ли,Алексей,Михайлович
262,262,Управление,Руководитель,"Алиев Тимофей Валентинович",,,,1,1,Алиев,Тимофей,Валентинович
263,263,Управление,Руководитель,"Иванов Иван Алексеевич",,,,1,1,Иванов,Иван,Алексеевич
264,264,Управление,Руководитель,"Тихонова Раиса Игоревна",,,,1,1,Тихонова,Раиса,Игоревна
265,265,Управление,Руководитель,"Тахидзе Михаил Антонович",,,,1,1,Тахидзе,Михаил,Антонович
266,266,Управление,Руководитель,"Беляков Иван Михайлович",,,,1,1,Беляков,Иван,Михайлович
267,267,Управление,Руководитель,"Новиков Гиви Евгениевич",,,,1,1,Новиков,Гиви,Евгениевич
268,268,Управление,Руководитель,"Вейцель Петр Алишарович",,,,1,1,Вейцель,Петр,Алишарович
269,269,Управление,Руководитель,"Беляков Павел Антонович",,,,1,1,Беляков,Павел,Антонович
270,270,Управление,Руководитель,"Миронов Владислав Викторович",,,,1,1,Миронов,Владислав,Викторович
271,271,Управление,Руководитель,"Николаева Антонина Петровна",,,,1,1,Николаева,Антонина,Петровна
272,272,Управление,Руководитель,"Сидоров Антон Владленович",,,,1,1,Сидоров,Антон,Владленович
273,273,Управление,Руководитель,"Новиков Андрей Антонович",,,,1,1,Новиков,Андрей,Антонович
274,274,Управление,Руководитель,"Сидоров Андрей Евгениевич",,,,1,1,Сидоров,Андрей,Евгениевич
275,275,Управление,Руководитель,"Миронов Юрий Андреевич",,,,1,1,Миронов,Юрий,Андреевич
276,276,Управление,Руководитель,"Соколов Петр Алишарович",,,,1,1,Соколов,Петр,Алишарович
277,277,Управление,Руководитель,"Новиков Владлен Викторович",,,,1,1,Новиков,Владлен,Викторович
278,278,Управление,Руководитель,"Тихонов Павел Петрович",,,,1,1,Тихонов,Павел,Петрович
279,279,Управление,Руководитель,"Ванин Петр Михайлович",,,,1,1,Ванин,Петр,Михайлович
280,280,Управление,Руководитель,"Ли Марина Сергеевна",,,,1,1,Ли,Марина,Сергеевна
281,281,Управление,Руководитель,"Новиков Валентин Альфредович",,,,1,1,Новиков,Валентин,Альфредович
282,282,Управление,Руководитель,"Тихонов Гиви Иванович",,,,1,1,Тихонов,Гиви,Иванович
283,283,Управление,Руководитель,"Зайцев Петр Иванович",,,,1,1,Зайцев,Петр,Иванович
284,284,Управление,Руководитель,"Соколов Альфред Алишарович",,,,1,1,Соколов,Альфред,Алишарович
285,285,Управление,Руководитель,"Тихонов Павел Валентинович",,,,1,1,Тихонов,Павел,Валентинович
286,286,Управление,Руководитель,"Ли Гиви Андреевич",,,,1,1,Ли,Гиви,Андреевич
287,287,Управление,Руководитель,"Тихонов Игорь Викторович",,,,1,1,Тихонов,Игорь,Викторович
288,288,Управление,Руководитель,"Новиков Владлен Алишарович",,,,1,1,Новиков,Владлен,Алишарович
289,289,Управление,Руководитель,"Новикова Гюльчатай Евгениевна",,,,1,1,Новикова,Гюльчатай,Евгениевна
290,290,Управление,Руководитель,"Тихонов Тимофей Михайлович",,,,1,1,Тихонов,Тимофей,Михайлович
291,291,Управление,Руководитель,"Тимофеев Алишар Сергеевич",,,,1,1,Тимофеев,Алишар,Сергеевич
292,292,Управление,Руководитель,"Миронова Елена Алексеевна",,,,1,1,Миронова,Елена,Алексеевна
293,293,Управление,Руководитель,"Сидоров Владлен Владленович",,,,1,1,Сидоров,Владлен,Владленович
294,294,Управление,Руководитель,"Вейцель Евгений Валентинович",,,,1,1,Вейцель,Евгений,Валентинович
295,295,Управление,Руководитель,"Сидоров Петр Викторович",,,,1,1,Сидоров,Петр,Викторович
296,296,Управление,Руководитель,"Вонг Марина Михайловна",,,,1,1,Вонг,Марина,Михайловна
297,297,Управление,Руководитель,"Вейцель Алексей Альфредович",,,,1,1,Вейцель,Алексей,Альфредович
298,298,Управление,Руководитель,"Алиев Иван Павлович",,,,1,1,Алиев,Иван,Павлович
299,299,Управление,Руководитель,"Вейцель Гюрза Викторовна",,,,1,1,Вейцель,Гюрза,Викторовна
300,300,Управление,Руководитель,"Ли Николай Альфредович",,,,1,1,Ли,Николай,Альфредович
301,301,Управление,Руководитель,"Миронов Павел Андреевич",,,,1,1,Миронов,Павел,Андреевич
302,302,Управление,Руководитель,"Тихонова Вера Игоревна",,,,1,1,Тихонова,Вера,Игоревна
303,303,Управление,Руководитель,"Тахидзе Сергей Владленович",,,,1,1,Тахидзе,Сергей,Владленович
304,304,Управление,Руководитель,"Иванов Владислав Игоревич",,,,1,1,Иванов,Владислав,Игоревич
305,305,Управление,Руководитель,"Тихонов Юрий Евгениевич",,,,1,1,Тихонов,Юрий,Евгениевич
306,306,Управление,Руководитель,"Тимофеев Николай Антонович",,,,1,1,Тимофеев,Николай,Антонович
307,307,Управление,Руководитель,"Григорян Иван Викторович",,,,1,1,Григорян,Иван,Викторович
308,308,Управление,Руководитель,"Новиков Алексей Владленович",,,,1,1,Новиков,Алексей,Владленович
309,309,Управление,Руководитель,"Зайцев Владислав Петрович",,,,1,1,Зайцев,Владислав,Петрович
310,310,Управление,Руководитель,"Вейцель Михаил Юрьевич",,,,1,1,Вейцель,Михаил,Юрьевич
311,311,Управление,Руководитель,"Титов Иван Николаевич",,,,1,1,Титов,Иван,Николаевич
312,312,Управление,Руководитель,"Николаева Антонина Викторовна",,,,1,1,Николаева,Антонина,Викторовна
313,313,Управление,Руководитель,"Соколова Шахеризада Владленовна",,,,1,1,Соколова,Шахеризада,Владленовна
314,314,Управление,Руководитель,"Григорян Раиса Юрьевна",,,,1,1,Григорян,Раиса,Юрьевна
315,315,Управление,Руководитель,"Беляков Николай Антонович",,,,1,1,Беляков,Николай,Антонович
316,316,Управление,Руководитель,"Ли Павел Михайлович",,,,1,1,Ли,Павел,Михайлович
317,317,Управление,Руководитель,"Зайцев Владлен Евгениевич",,,,1,1,Зайцев,Владлен,Евгениевич
318,318,Управление,Руководитель,"Тихонов Антон Евгениевич",,,,1,1,Тихонов,Антон,Евгениевич
319,319,Управление,Руководитель,"Вейцель Любовь Юрьевна",,,,1,1,Вейцель,Любовь,Юрьевна
320,320,Управление,Руководитель,"Вейцель Анастасия Андреевна",,,,1,1,Вейцель,Анастасия,Андреевна
321,321,Управление,Руководитель,"Титова Анастасия Юрьевна",,,,1,1,Титова,Анастасия,Юрьевна
322,322,Управление,Руководитель,"Сидорова Ольга Антоновна",,,,1,1,Сидорова,Ольга,Антоновна
323,323,Управление,Руководитель,"Вейцель Антонина Михайловна",,,,1,1,Вейцель,Антонина,Михайловна
324,324,Управление,Руководитель,"Григорян Юлия Андреевна",,,,1,1,Григорян,Юлия,Андреевна
325,325,Управление,Руководитель,"Ли Александра Евгениевна",,,,1,1,Ли,Александра,Евгениевна
326,326,Управление,Руководитель,"Григорян Николай Алишарович",,,,1,1,Григорян,Николай,Алишарович
327,327,Управление,Руководитель,"Тихонов Антон Петрович",,,,1,1,Тихонов,Антон,Петрович
328,328,Управление,Руководитель,"Миронов Евгений Владленович",,,,1,1,Миронов,Евгений,Владленович
329,329,Управление,Руководитель,"Ванина Людмила Сергеевна",,,,1,1,Ванина,Людмила,Сергеевна
330,330,Управление,Руководитель,"Тахидзе Антонина Альфредовна",,,,1,1,Тахидзе,Антонина,Альфредовна
331,331,Управление,Руководитель,"Новиков Владлен Владленович",,,,1,1,Новиков,Владлен,Владленович
332,332,Управление,Руководитель,"Новикова Людмила Владленовна",,,,1,1,Новикова,Людмила,Владленовна
333,333,Управление,Руководитель,"Зайцев Антон Владленович",,,,1,1,Зайцев,Антон,Владленович
334,334,Управление,Руководитель,"Зайцев Алексей Петрович",,,,1,1,Зайцев,Алексей,Петрович
335,335,Управление,Руководитель,"Тахидзе Владислав Андреевич",,,,1,1,Тахидзе,Владислав,Андреевич
336,336,Управление,Руководитель,"Соколов Валентин Алишарович",,,,1,1,Соколов,Валентин,Алишарович
337,337,Управление,Руководитель,"Петрова Раиса Антоновна",,,,1,1,Петрова,Раиса,Антоновна
338,338,Управление,Руководитель,"Тихонов Петр Викторович",,,,1,1,Тихонов,Петр,Викторович
339,339,Управление,Руководитель,"Титов Павел Валентинович",,,,1,1,Титов,Павел,Валентинович
340,340,Управление,Руководитель,"Миронов Антон Антонович",,,,1,1,Миронов,Антон,Антонович
341,341,Управление,Руководитель,"Вейцель Тимофей Владленович",,,,1,1,Вейцель,Тимофей,Владленович
342,342,Управление,Руководитель,"Тихонова Наталья Михайловна",,,,1,1,Тихонова,Наталья,Михайловна
343,343,Управление,Руководитель,"Миронов Тимофей Юрьевич",,,,1,1,Миронов,Тимофей,Юрьевич
344,344,Управление,Руководитель,"Соколов Виктор Петрович",,,,1,1,Соколов,Виктор,Петрович
345,345,Управление,Руководитель,"Белякова Ольга Альфредовна",,,,1,1,Белякова,Ольга,Альфредовна
346,346,Управление,Руководитель,"Титов Гиви Викторович",,,,1,1,Титов,Гиви,Викторович
347,347,Управление,Руководитель,"Григорян Юрий Игоревич",,,,1,1,Григорян,Юрий,Игоревич
348,348,Управление,Руководитель,"Петров Владлен Сергеевич",,,,1,1,Петров,Владлен,Сергеевич
349,349,Управление,Руководитель,"Григорян Раиса Евгениевна",,,,1,1,Григорян,Раиса,Евгениевна
350,350,Управление,Руководитель,"Вонг Евгений Петрович",,,,1,1,Вонг,Евгений,Петрович
351,351,Управление,Руководитель,"Тихонова Шахеризада Антоновна",,,,1,1,Тихонова,Шахеризада,Антоновна
352,352,Управление,Руководитель,"Соколов Евгений Викторович",,,,1,1,Соколов,Евгений,Викторович
353,353,Управление,Руководитель,"Вонг Юрий Петрович",,,,1,1,Вонг,Юрий,Петрович
354,354,Управление,Руководитель,"Сидоров Гиви Антонович",,,,1,1,Сидоров,Гиви,Антонович
355,355,Управление,Руководитель,"Тахидзе Павел Валентинович",,,,1,1,Тахидзе,Павел,Валентинович
356,356,Управление,Руководитель,"Тахидзе Антонина Тимофеевна",,,,1,1,Тахидзе,Антонина,Тимофеевна
357,357,Управление,Руководитель,"Новиков Антон Игоревич",,,,1,1,Новиков,Антон,Игоревич
358,358,Управление,Руководитель,"Григорян Андрей Петрович",,,,1,1,Григорян,Андрей,Петрович
359,359,Управление,Руководитель,"Григорян Юрий Петрович",,,,1,1,Григорян,Юрий,Петрович
360,360,Управление,Руководитель,"Титов Владлен Михайлович",,,,1,1,Титов,Владлен,Михайлович
361,361,Управление,Руководитель,"Григорян Андрей Игоревич",,,,1,1,Григорян,Андрей,Игоревич
362,362,Управление,Руководитель,"Тахидзе Тимофей Евгениевич",,,,1,1,Тахидзе,Тимофей,Евгениевич
363,363,Управление,Руководитель,"Новикова Людмила Андреевна",,,,1,1,Новикова,Людмила,Андреевна
364,364,Управление,Руководитель,"Новиков Евгений Михайлович",,,,1,1,Новиков,Евгений,Михайлович
365,365,Управление,Руководитель,"Соколов Владислав Андреевич",,,,1,1,Соколов,Владислав,Андреевич
366,366,Управление,Руководитель,"Ли Юлия Петровна",,,,1,1,Ли,Юлия,Петровна
367,367,Управление,Руководитель,"Николаев Тимофей Валентинович",,,,1,1,Николаев,Тимофей,Валентинович
368,368,Управление,Руководитель,"Зайцев Петр Антонович",,,,1,1,Зайцев,Петр,Антонович
369,369,Управление,Руководитель,"Титова Анастасия Павловна",,,,1,1,Титова,Анастасия,Павловна
370,370,Управление,Руководитель,"Петрова Марина Петровна",,,,1,1,Петрова,Марина,Петровна
371,371,Управление,Руководитель,"Зайцева Мария Ивановна",,,,1,1,Зайцева,Мария,Ивановна
372,372,Управление,Руководитель,"Титова Гюльчатай Петровна",,,,1,1,Титова,Гюльчатай,Петровна
373,375,Управление,Руководитель,"Тимофеев Иван Алексеевич",,,,1,1,Тимофеев,Иван,Алексеевич
374,373,Управление,Руководитель,"Алиев Евгений Алишарович",,,,1,1,Алиев,Евгений,Алишарович
375,376,Управление,Руководитель,"Тихонова Раиса Игоревна",,,,1,1,Тихонова,Раиса,Игоревна
376,377,Управление,Руководитель,"Тимофеев Алексей Юрьевич",,,,1,1,Тимофеев,Алексей,Юрьевич
377,374,Управление,Руководитель,"Тимофеев Владислав Владленович",,,,1,1,Тимофеев,Владислав,Владленович
378,378,Управление,Руководитель,"Беляков Антон Алексеевич",,,,1,1,Беляков,Антон,Алексеевич
379,379,Управление,Руководитель,"Алиев Антон Евгениевич",,,,1,1,Алиев,Антон,Евгениевич
380,380,Управление,Руководитель,"Николаев Юрий Викторович",,,,1,1,Николаев,Юрий,Викторович
381,381,Управление,Руководитель,"Вейцель Елена Петровна",,,,1,1,Вейцель,Елена,Петровна
382,382,Управление,Руководитель,"Тимофеев Юрий Евгениевич",,,,1,1,Тимофеев,Юрий,Евгениевич
383,383,Управление,Руководитель,"Тимофеев Владислав Евгениевич",,,,1,1,Тимофеев,Владислав,Евгениевич
384,384,Управление,Руководитель,"Зайцев Иван Юрьевич",,,,1,1,Зайцев,Иван,Юрьевич
385,385,Управление,Руководитель,"Вейцель Алексей Игоревич",,,,1,1,Вейцель,Алексей,Игоревич
386,386,Управление,Руководитель,"Петров Гиви Валентинович",,,,1,1,Петров,Гиви,Валентинович
387,387,Управление,Руководитель,"Петров Алексей Владленович",,,,1,1,Петров,Алексей,Владленович
388,388,Управление,Руководитель,"Зайцев Петр Альфредович",,,,1,1,Зайцев,Петр,Альфредович
389,389,Управление,Руководитель,"Петров Михаил Иванович",,,,1,1,Петров,Михаил,Иванович
390,390,Управление,Руководитель,"Зайцев Алишар Иванович",,,,1,1,Зайцев,Алишар,Иванович
391,391,Управление,Руководитель,"Зайцев Михаил Петрович",,,,1,1,Зайцев,Михаил,Петрович
392,392,Управление,Руководитель,"Соколов Владислав Владиславович",,,,1,1,Соколов,Владислав,Владиславович
393,393,Управление,Руководитель,"Вейцель Иван Михайлович",,,,1,1,Вейцель,Иван,Михайлович
394,394,Управление,Руководитель,"Новиков Михаил Алексеевич",,,,1,1,Новиков,Михаил,Алексеевич
395,395,Управление,Руководитель,"Иванов Гиви Юрьевич",,,,1,1,Иванов,Гиви,Юрьевич
396,396,Управление,Руководитель,"Ли Вера Валентиновна",,,,1,1,Ли,Вера,Валентиновна
397,397,Управление,Руководитель,"Тихонов Петр Алексеевич",,,,1,1,Тихонов,Петр,Алексеевич
398,398,Управление,Руководитель,"Григорян Игорь Петрович",,,,1,1,Григорян,Игорь,Петрович
399,399,Управление,Руководитель,"Григорян Николай Альфредович",,,,1,1,Григорян,Николай,Альфредович
400,400,Управление,Руководитель,"Алиева Гюрза Павловна",,,,1,1,Алиева,Гюрза,Павловна
401,401,Управление,Руководитель,"Алиева Гюльчатай Павловна",,,,1,1,Алиева,Гюльчатай,Павловна
402,402,Управление,Руководитель,"Андреев Владислав Викторович",,,,1,1,Андреев,Владислав,Викторович
403,403,Управление,Руководитель,"Николаев Андрей Юрьевич",,,,1,1,Николаев,Андрей,Юрьевич
404,404,Управление,Руководитель,"Новиков Игорь Сергеевич",,,,1,1,Новиков,Игорь,Сергеевич
405,405,Управление,Руководитель,"Вонг Валентин Алишарович",,,,1,1,Вонг,Валентин,Алишарович
406,406,Управление,Руководитель,"Новиков Владлен Андреевич",,,,1,1,Новиков,Владлен,Андреевич
407,407,Управление,Руководитель,"Григорян Тимофей Михайлович",,,,1,1,Григорян,Тимофей,Михайлович
408,408,Управление,Руководитель,"Ванин Владлен Сергеевич",,,,1,1,Ванин,Владлен,Сергеевич
409,409,Управление,Руководитель,"Вейцель Гюльчатай Петровна",,,,1,1,Вейцель,Гюльчатай,Петровна
410,410,Управление,Руководитель,"Тахидзе Евгений Николаевич",,,,1,1,Тахидзе,Евгений,Николаевич
411,411,Управление,Руководитель,"Вейцель Андрей Николаевич",,,,1,1,Вейцель,Андрей,Николаевич
412,412,Управление,Руководитель,"Новиков Алексей Евгениевич",,,,1,1,Новиков,Алексей,Евгениевич
413,413,Управление,Руководитель,"Тимофеев Алексей Алексеевич",,,,1,1,Тимофеев,Алексей,Алексеевич
414,414,Управление,Руководитель,"Титов Михаил Николаевич",,,,1,1,Титов,Михаил,Николаевич
415,415,Управление,Руководитель,"Новиков Иван Валентинович",,,,1,1,Новиков,Иван,Валентинович
416,416,Управление,Руководитель,"Николаев Виктор Тимофеевич",,,,1,1,Николаев,Виктор,Тимофеевич
417,417,Управление,Руководитель,"Алиева Надежда Ивановна",,,,1,1,Алиева,Надежда,Ивановна
418,418,Управление,Руководитель,"Беляков Тимофей Алишарович",,,,1,1,Беляков,Тимофей,Алишарович
419,419,Управление,Руководитель,"Зайцева Раиса Андреевна",,,,1,1,Зайцева,Раиса,Андреевна
420,420,Управление,Руководитель,"Вейцель Валентин Андреевич",,,,1,1,Вейцель,Валентин,Андреевич
421,421,Управление,Руководитель,"Тихонов Алексей Павлович",,,,1,1,Тихонов,Алексей,Павлович
422,422,Управление,Руководитель,"Андреев Владлен Михайлович",,,,1,1,Андреев,Владлен,Михайлович
423,423,Управление,Руководитель,"Тимофеева Вера Петровна",,,,1,1,Тимофеева,Вера,Петровна
424,424,Управление,Руководитель,"Соколов Игорь Павлович",,,,1,1,Соколов,Игорь,Павлович
425,425,Управление,Руководитель,"Миронов Тимофей Игоревич",,,,1,1,Миронов,Тимофей,Игоревич
426,426,Управление,Руководитель,"Тимофеев Игорь Владленович",,,,1,1,Тимофеев,Игорь,Владленович
427,427,Управление,Руководитель,"Григорян Виктор Игоревич",,,,1,1,Григорян,Виктор,Игоревич
428,428,Управление,Руководитель,"Вонг Сергей Игоревич",,,,1,1,Вонг,Сергей,Игоревич
429,429,Управление,Руководитель,"Николаев Валентин Владиславович",,,,1,1,Николаев,Валентин,Владиславович
430,430,Управление,Руководитель,"Тимофеев Алексей Альфредович",,,,1,1,Тимофеев,Алексей,Альфредович
431,431,Управление,Руководитель,"Тихонов Михаил Сергеевич",,,,1,1,Тихонов,Михаил,Сергеевич
432,432,Управление,Руководитель,"Зайцев Виктор Альфредович",,,,1,1,Зайцев,Виктор,Альфредович
433,433,Управление,Руководитель,"Соколов Виктор Евгениевич",,,,1,1,Соколов,Виктор,Евгениевич
434,434,Управление,Руководитель,"Ли Тимофей Тимофеевич",,,,1,1,Ли,Тимофей,Тимофеевич
435,435,Управление,Руководитель,"Миронов Алексей Иванович",,,,1,1,Миронов,Алексей,Иванович
436,436,Управление,Руководитель,"Титов Владислав Иванович",,,,1,1,Титов,Владислав,Иванович
437,437,Управление,Руководитель,"Вейцель Алексей Антонович",,,,1,1,Вейцель,Алексей,Антонович
438,438,Управление,Руководитель,"Соколов Владлен Николаевич",,,,1,1,Соколов,Владлен,Николаевич
439,439,Управление,Руководитель,"Николаева Мария Ивановна",,,,1,1,Николаева,Мария,Ивановна
440,440,Управление,Руководитель,"Ли Владлен Петрович",,,,1,1,Ли,Владлен,Петрович
441,441,Управление,Руководитель,"Тахидзе Надежда Ивановна",,,,1,1,Тахидзе,Надежда,Ивановна
442,442,Управление,Руководитель,"Новиков Евгений Валентинович",,,,1,1,Новиков,Евгений,Валентинович
443,443,Управление,Руководитель,"Тахидзе Алишар Евгениевич",,,,1,1,Тахидзе,Алишар,Евгениевич
444,444,Управление,Руководитель,"Сидоров Тимофей Андреевич",,,,1,1,Сидоров,Тимофей,Андреевич
445,445,Управление,Руководитель,"Григорян Иван Павлович",,,,1,1,Григорян,Иван,Павлович
446,446,Управление,Руководитель,"Сидоров Антон Игоревич",,,,1,1,Сидоров,Антон,Игоревич
447,447,Управление,Руководитель,"Григорян Тимофей Иванович",,,,1,1,Григорян,Тимофей,Иванович
448,448,Управление,Руководитель,"Вейцель Юрий Алексеевич",,,,1,1,Вейцель,Юрий,Алексеевич
449,449,Управление,Руководитель,"Петров Михаил Евгениевич",,,,1,1,Петров,Михаил,Евгениевич
450,450,Управление,Руководитель,"Тихонов Антон Викторович",,,,1,1,Тихонов,Антон,Викторович
451,451,Управление,Руководитель,"Белякова Раиса Николаевна",,,,1,1,Белякова,Раиса,Николаевна
452,452,Управление,Руководитель,"Ванин Гиви Игоревич",,,,1,1,Ванин,Гиви,Игоревич
453,453,Управление,Руководитель,"Иванова Елена Евгениевна",,,,1,1,Иванова,Елена,Евгениевна
454,454,Управление,Руководитель,"Вейцель Виктор Валентинович",,,,1,1,Вейцель,Виктор,Валентинович
455,455,Управление,Руководитель,"Вонг Алексей Алексеевич",,,,1,1,Вонг,Алексей,Алексеевич
456,456,Управление,Руководитель,"Николаев Тимофей Викторович",,,,1,1,Николаев,Тимофей,Викторович
457,457,Управление,Руководитель,"Титов Алишар Тимофеевич",,,,1,1,Титов,Алишар,Тимофеевич
458,458,Управление,Руководитель,"Петрова Раиса Алексеевна",,,,1,1,Петрова,Раиса,Алексеевна
459,459,Управление,Руководитель,"Вейцель Альфред Иванович",,,,1,1,Вейцель,Альфред,Иванович
460,460,Управление,Руководитель,"Андреев Альфред Альфредович",,,,1,1,Андреев,Альфред,Альфредович
461,461,Управление,Руководитель,"Сидоров Андрей Альфредович",,,,1,1,Сидоров,Андрей,Альфредович
462,462,Управление,Руководитель,"Новиков Алишар Петрович",,,,1,1,Новиков,Алишар,Петрович
463,463,Управление,Руководитель,"Ванин Иван Владиславович",,,,1,1,Ванин,Иван,Владиславович
464,464,Управление,Руководитель,"Вонг Игорь Тимофеевич",,,,1,1,Вонг,Игорь,Тимофеевич
465,465,Управление,Руководитель,"Вейцель Юлия Николаевна",,,,1,1,Вейцель,Юлия,Николаевна
466,466,Управление,Руководитель,"Ванина Анастасия Валентиновна",,,,1,1,Ванина,Анастасия,Валентиновна
467,467,Управление,Руководитель,"Алиев Алишар Антонович",,,,1,1,Алиев,Алишар,Антонович
468,468,Управление,Руководитель,"Миронова Любовь Павловна",,,,1,1,Миронова,Любовь,Павловна
469,469,Управление,Руководитель,"Андреев Тимофей Юрьевич",,,,1,1,Андреев,Тимофей,Юрьевич
470,470,Управление,Руководитель,"Вонг Надежда Сергеевна",,,,1,1,Вонг,Надежда,Сергеевна
471,471,Управление,Руководитель,"Андреев Петр Алексеевич",,,,1,1,Андреев,Петр,Алексеевич
472,472,Управление,Руководитель,"Ванин Андрей Юрьевич",,,,1,1,Ванин,Андрей,Юрьевич
473,473,Управление,Руководитель,"Петров Гиви Иванович",,,,1,1,Петров,Гиви,Иванович
474,474,Управление,Руководитель,"Ванин Алишар Сергеевич",,,,1,1,Ванин,Алишар,Сергеевич
475,475,Управление,Руководитель,"Ванин Андрей Алексеевич",,,,1,1,Ванин,Андрей,Алексеевич
476,476,Управление,Руководитель,"Соколов Сергей Петрович",,,,1,1,Соколов,Сергей,Петрович
477,477,Управление,Руководитель,"Петрова Наталья Алексеевна",,,,1,1,Петрова,Наталья,Алексеевна
478,478,Управление,Руководитель,"Соколов Сергей Сергеевич",,,,1,1,Соколов,Сергей,Сергеевич
479,479,Управление,Руководитель,"Андреева Раиса Алексеевна",,,,1,1,Андреева,Раиса,Алексеевна
480,480,Управление,Руководитель,"Ванина Людмила Альфредовна",,,,1,1,Ванина,Людмила,Альфредовна
481,481,Управление,Руководитель,"Соколова Анна Михайловна",,,,1,1,Соколова,Анна,Михайловна
482,482,Управление,Руководитель,"Тахидзе Эвелина Ивановна",,,,1,1,Тахидзе,Эвелина,Ивановна
483,484,Управление,Руководитель,"Ванин Игорь Петрович",,,,1,1,Ванин,Игорь,Петрович
485,485,Управление,Руководитель,"Сидорова Гюльчатай Альфредовна",,,,1,1,Сидорова,Гюльчатай,Альфредовна
486,486,Управление,Руководитель,"Вейцель Николай Павлович",,,,1,1,Вейцель,Николай,Павлович
487,487,Управление,Руководитель,"Ли Владлен Андреевич",,,,1,1,Ли,Владлен,Андреевич
488,488,Управление,Руководитель,"Ванина Юлия Андреевна",,,,1,1,Ванина,Юлия,Андреевна
489,489,Управление,Руководитель,"Вонг Иван Сергеевич",,,,1,1,Вонг,Иван,Сергеевич
490,490,Управление,Руководитель,"Сидорова Марина Альфредовна",,,,1,1,Сидорова,Марина,Альфредовна
491,491,Управление,Руководитель,"Григорян Тимофей Альфредович",,,,1,1,Григорян,Тимофей,Альфредович
492,492,Управление,Руководитель,"Иванов Иван Юрьевич",,,,1,1,Иванов,Иван,Юрьевич
493,493,Управление,Руководитель,"Соколов Павел Юрьевич",,,,1,1,Соколов,Павел,Юрьевич
494,494,Управление,Руководитель,"Ли Антон Игоревич",,,,1,1,Ли,Антон,Игоревич
495,495,Управление,Руководитель,"Титова Надежда Николаевна",,,,1,1,Титова,Надежда,Николаевна
496,496,Управление,Руководитель,"Вейцель Ольга Алишаровна",,,,1,1,Вейцель,Ольга,Алишаровна
497,497,Управление,Руководитель,"Сидоров Петр Павлович",,,,1,1,Сидоров,Петр,Павлович
498,498,Управление,Руководитель,"Алиев Михаил Павлович",,,,1,1,Алиев,Михаил,Павлович
499,499,Управление,Руководитель,"Сидоров Алексей Алишарович",,,,1,1,Сидоров,Алексей,Алишарович
500,500,Управление,Руководитель,"Зайцева Антонина Викторовна",,,,1,1,Зайцева,Антонина,Викторовна
501,501,Управление,Руководитель,"Сидорова Ольга Викторовна",,,,1,1,Сидорова,Ольга,Викторовна
502,502,Управление,Руководитель,"Петров Игорь Игоревич",,,,1,1,Петров,Игорь,Игоревич
503,503,Управление,Руководитель,"Николаев Павел Альфредович",,,,1,1,Николаев,Павел,Альфредович
504,504,Управление,Руководитель,"Вонг Алла Петровна",,,,1,1,Вонг,Алла,Петровна
505,505,Управление,Руководитель,"Андреев Игорь Валентинович",,,,1,1,Андреев,Игорь,Валентинович
506,506,Управление,Руководитель,"Белякова Эвелина Андреевна",,,,1,1,Белякова,Эвелина,Андреевна
507,507,Управление,Руководитель,"Тимофеева Анастасия Ивановна",,,,1,1,Тимофеева,Анастасия,Ивановна
508,508,Управление,Руководитель,"Вейцель Гюльчатай Ивановна",,,,1,1,Вейцель,Гюльчатай,Ивановна
509,509,Управление,Руководитель,"Тахидзе Марина Владленовна",,,,1,1,Тахидзе,Марина,Владленовна
510,510,Управление,Руководитель,"Вейцель Николай Владленович",,,,1,1,Вейцель,Николай,Владленович
511,511,Управление,Руководитель,"Тихонова Наталья Михайловна",,,,1,1,Тихонова,Наталья,Михайловна
512,512,Управление,Руководитель,"Вонг Альфред Викторович",,,,1,1,Вонг,Альфред,Викторович
513,513,Управление,Руководитель,"Алиева Алла Владиславовна",,,,1,1,Алиева,Алла,Владиславовна
514,514,Управление,Руководитель,"Иванов Альфред Петрович",,,,1,1,Иванов,Альфред,Петрович
515,515,Управление,Руководитель,"Иванов Валентин Юрьевич",,,,1,1,Иванов,Валентин,Юрьевич
516,516,Управление,Руководитель,"Вейцель Павел Андреевич",,,,1,1,Вейцель,Павел,Андреевич
517,517,Управление,Руководитель,"Иванова Александра Владленовна",,,,1,1,Иванова,Александра,Владленовна
518,518,Управление,Руководитель,"Алиев Алексей Владиславович",,,,1,1,Алиев,Алексей,Владиславович
519,519,Управление,Руководитель,"Беляков Михаил Иванович",,,,1,1,Беляков,Михаил,Иванович
520,520,Управление,Руководитель,"Тихонова Наталья Петровна",,,,1,1,Тихонова,Наталья,Петровна
521,521,Управление,Руководитель,"Тахидзе Алишар Викторович",,,,1,1,Тахидзе,Алишар,Викторович
522,522,Управление,Руководитель,"Тихонов Николай Юрьевич",,,,1,1,Тихонов,Николай,Юрьевич
523,523,Управление,Руководитель,"Вонг Тимофей Юрьевич",,,,1,1,Вонг,Тимофей,Юрьевич
524,524,Управление,Руководитель,"Ванин Алишар Валентинович",,,,1,1,Ванин,Алишар,Валентинович
525,525,Управление,Руководитель,"Сидоров Михаил Сергеевич",,,,1,1,Сидоров,Михаил,Сергеевич
526,526,Управление,Руководитель,"Петров Юрий Евгениевич",,,,1,1,Петров,Юрий,Евгениевич
527,528,Управление,Руководитель,"Беляков Алексей Николаевич",,,,1,1,Беляков,Алексей,Николаевич
528,527,Управление,Руководитель,"Беляков Владислав Евгениевич",,,,1,1,Беляков,Владислав,Евгениевич
529,529,Управление,Руководитель,"Титова Шахеризада Алексеевна",,,,1,1,Титова,Шахеризада,Алексеевна
530,530,Управление,Руководитель,"Зайцева Людмила Альфредовна",,,,1,1,Зайцева,Людмила,Альфредовна
531,531,Управление,Руководитель,"Петрова Эвелина Петровна",,,,1,1,Петрова,Эвелина,Петровна
532,532,Управление,Руководитель,"Вонг Алексей Петрович",,,,1,1,Вонг,Алексей,Петрович
533,533,Управление,Руководитель,"Петрова Вера Игоревна",,,,1,1,Петрова,Вера,Игоревна
534,534,Управление,Руководитель,"Вейцель Иван Михайлович",,,,1,1,Вейцель,Иван,Михайлович
535,535,Управление,Руководитель,"Соколова Антонина Владиславовна",,,,1,1,Соколова,Антонина,Владиславовна
536,536,Управление,Руководитель,"Ванина Любовь Евгениевна",,,,1,1,Ванина,Любовь,Евгениевна
537,537,Управление,Руководитель,"Зайцев Виктор Владиславович",,,,1,1,Зайцев,Виктор,Владиславович
538,538,Управление,Руководитель,"Миронов Павел Павлович",,,,1,1,Миронов,Павел,Павлович
539,539,Управление,Руководитель,"Тахидзе Валентин Павлович",,,,1,1,Тахидзе,Валентин,Павлович
540,540,Управление,Руководитель,"Зайцев Валентин Петрович",,,,1,1,Зайцев,Валентин,Петрович
541,541,Управление,Руководитель,"Соколова Любовь Алишаровна",,,,1,1,Соколова,Любовь,Алишаровна
542,542,Управление,Руководитель,"Беляков Тимофей Павлович",,,,1,1,Беляков,Тимофей,Павлович
543,543,Управление,Руководитель,"Миронова Марина Алишаровна",,,,1,1,Миронова,Марина,Алишаровна
544,544,Управление,Руководитель,"Миронова Ольга Владленовна",,,,1,1,Миронова,Ольга,Владленовна
545,545,Управление,Руководитель,"Новиков Владлен Евгениевич",,,,1,1,Новиков,Владлен,Евгениевич
546,546,Управление,Руководитель,"Соколова Антонина Валентиновна",,,,1,1,Соколова,Антонина,Валентиновна
547,547,Управление,Руководитель,"Вейцель Евгений Иванович",,,,1,1,Вейцель,Евгений,Иванович
548,548,Управление,Руководитель,"Тахидзе Михаил Андреевич",,,,1,1,Тахидзе,Михаил,Андреевич
549,549,Управление,Руководитель,"Николаев Игорь Алишарович",,,,1,1,Николаев,Игорь,Алишарович
550,550,Управление,Руководитель,"Ванин Альфред Сергеевич",,,,1,1,Ванин,Альфред,Сергеевич
551,551,Управление,Руководитель,"Новиков Валентин Андреевич",,,,1,1,Новиков,Валентин,Андреевич
552,552,Управление,Руководитель,"Николаев Алексей Владленович",,,,1,1,Николаев,Алексей,Владленович
553,553,Управление,Руководитель,"Николаева Эвелина Юрьевна",,,,1,1,Николаева,Эвелина,Юрьевна
554,554,Управление,Руководитель,"Титова Юлия Юрьевна",,,,1,1,Титова,Юлия,Юрьевна
555,555,Управление,Руководитель,"Николаев Алексей Юрьевич",,,,1,1,Николаев,Алексей,Юрьевич
556,556,Управление,Руководитель,"Новиков Альфред Игоревич",,,,1,1,Новиков,Альфред,Игоревич
557,557,Управление,Руководитель,"Тимофеева Марина Павловна",,,,1,1,Тимофеева,Марина,Павловна
558,558,Управление,Руководитель,"Ли Андрей Юрьевич",,,,1,1,Ли,Андрей,Юрьевич
559,559,Управление,Руководитель,"Сидоров Алишар Евгениевич",,,,1,1,Сидоров,Алишар,Евгениевич
560,560,Управление,Руководитель,"Григорян Альфред Антонович",,,,1,1,Григорян,Альфред,Антонович
561,561,Управление,Руководитель,"Иванов Виктор Владиславович",,,,1,1,Иванов,Виктор,Владиславович
562,562,Управление,Руководитель,"Соколова Марина Владленовна",,,,1,1,Соколова,Марина,Владленовна
563,563,Управление,Руководитель,"Андреева Эвелина Антоновна",,,,1,1,Андреева,Эвелина,Антоновна
564,564,Управление,Руководитель,"Ли Евгений Петрович",,,,1,1,Ли,Евгений,Петрович
565,565,Управление,Руководитель,"Григорян Любовь Тимофеевна",,,,1,1,Григорян,Любовь,Тимофеевна
566,566,Управление,Руководитель,"Петров Михаил Алексеевич",,,,1,1,Петров,Михаил,Алексеевич
567,567,Управление,Руководитель,"Титов Владислав Викторович",,,,1,1,Титов,Владислав,Викторович
568,568,Управление,Руководитель,"Тимофеева Вера Ивановна",,,,1,1,Тимофеева,Вера,Ивановна
569,569,Управление,Руководитель,"Тихонов Владлен Антонович",,,,1,1,Тихонов,Владлен,Антонович
570,570,Управление,Руководитель,"Андреев Сергей Алишарович",,,,1,1,Андреев,Сергей,Алишарович
571,571,Управление,Руководитель,"Новикова Гюльчатай Алексеевна",,,,1,1,Новикова,Гюльчатай,Алексеевна
572,572,Управление,Руководитель,"Зайцев Владислав Валентинович",,,,1,1,Зайцев,Владислав,Валентинович
573,573,Управление,Руководитель,"Беляков Николай Петрович",,,,1,1,Беляков,Николай,Петрович
574,574,Управление,Руководитель,"Григорян Антонина Игоревна",,,,1,1,Григорян,Антонина,Игоревна
575,575,Управление,Руководитель,"Миронов Антон Павлович",,,,1,1,Миронов,Антон,Павлович
576,576,Управление,Руководитель,"Алиев Михаил Игоревич",,,,1,1,Алиев,Михаил,Игоревич
577,577,Управление,Руководитель,"Титов Виктор Антонович",,,,1,1,Титов,Виктор,Антонович
578,578,Управление,Руководитель,"Петров Антон Алишарович",,,,1,1,Петров,Антон,Алишарович
579,579,Управление,Руководитель,"Беляков Сергей Алишарович",,,,1,1,Беляков,Сергей,Алишарович
580,580,Управление,Руководитель,"Андреев Михаил Валентинович",,,,1,1,Андреев,Михаил,Валентинович
581,581,Управление,Руководитель,"Вонг Алексей Антонович",,,,1,1,Вонг,Алексей,Антонович
582,582,Управление,Руководитель,"Вейцель Гюльчатай Сергеевна",,,,1,1,Вейцель,Гюльчатай,Сергеевна
583,583,Управление,Руководитель,"Ванин Игорь Евгениевич",,,,1,1,Ванин,Игорь,Евгениевич
584,584,Управление,Руководитель,"Тахидзе Игорь Алишарович",,,,1,1,Тахидзе,Игорь,Алишарович
585,585,Управление,Руководитель,"Миронов Игорь Павлович",,,,1,1,Миронов,Игорь,Павлович
586,586,Управление,Руководитель,"Николаева Любовь Петровна",,,,1,1,Николаева,Любовь,Петровна
587,587,Управление,Руководитель,"Миронов Владлен Альфредович",,,,1,1,Миронов,Владлен,Альфредович
588,588,Управление,Руководитель,"Вейцель Антон Алишарович",,,,1,1,Вейцель,Антон,Алишарович
589,589,Управление,Руководитель,"Миронов Евгений Андреевич",,,,1,1,Миронов,Евгений,Андреевич
590,590,Управление,Руководитель,"Новиков Иван Сергеевич",,,,1,1,Новиков,Иван,Сергеевич
591,591,Управление,Руководитель,"Беляков Петр Валентинович",,,,1,1,Беляков,Петр,Валентинович
592,592,Управление,Руководитель,"Иванов Алишар Евгениевич",,,,1,1,Иванов,Алишар,Евгениевич
593,593,Управление,Руководитель,"Тимофеева Шахеризада Тимофеевна",,,,1,1,Тимофеева,Шахеризада,Тимофеевна
594,594,Управление,Руководитель,"Вейцель Юрий Алишарович",,,,1,1,Вейцель,Юрий,Алишарович
595,595,Управление,Руководитель,"Григорян Валентин Владиславович",,,,1,1,Григорян,Валентин,Владиславович
596,596,Управление,Руководитель,"Ванина Раиса Алишаровна",,,,1,1,Ванина,Раиса,Алишаровна
597,597,Управление,Руководитель,"Николаева Мария Петровна",,,,1,1,Николаева,Мария,Петровна
598,598,Управление,Руководитель,"Николаев Альфред Петрович",,,,1,1,Николаев,Альфред,Петрович
599,599,Управление,Руководитель,"Миронов Антон Евгениевич",,,,1,1,Миронов,Антон,Евгениевич
600,600,Управление,Руководитель,"Тахидзе Вера Валентиновна",,,,1,1,Тахидзе,Вера,Валентиновна
601,601,Управление,Руководитель,"Николаев Сергей Петрович",,,,1,1,Николаев,Сергей,Петрович
602,602,Управление,Руководитель,"Петров Владислав Алексеевич",,,,1,1,Петров,Владислав,Алексеевич
603,603,Управление,Руководитель,"Петрова Эвелина Андреевна",,,,1,1,Петрова,Эвелина,Андреевна
604,604,Управление,Руководитель,"Беляков Юрий Тимофеевич",,,,1,1,Беляков,Юрий,Тимофеевич
605,605,Управление,Руководитель,"Миронова Анна Валентиновна",,,,1,1,Миронова,Анна,Валентиновна
606,606,Управление,Руководитель,"Тимофеев Николай Николаевич",,,,1,1,Тимофеев,Николай,Николаевич
607,607,Управление,Руководитель,"Вейцель Марина Евгениевна",,,,1,1,Вейцель,Марина,Евгениевна
608,608,Управление,Руководитель,"Петров Евгений Юрьевич",,,,1,1,Петров,Евгений,Юрьевич
609,609,Управление,Руководитель,"Петров Евгений Иванович",,,,1,1,Петров,Евгений,Иванович
610,610,Управление,Руководитель,"Сидоров Тимофей Альфредович",,,,1,1,Сидоров,Тимофей,Альфредович
611,611,Управление,Руководитель,"Беляков Владислав Юрьевич",,,,1,1,Беляков,Владислав,Юрьевич
612,612,Управление,Руководитель,"Григорян Сергей Евгениевич",,,,1,1,Григорян,Сергей,Евгениевич
613,613,Управление,Руководитель,"Соколов Валентин Петрович",,,,1,1,Соколов,Валентин,Петрович
614,614,Управление,Руководитель,"Алиев Андрей Андреевич",,,,1,1,Алиев,Андрей,Андреевич
615,615,Управление,Руководитель,"Соколова Эвелина Владиславовна",,,,1,1,Соколова,Эвелина,Владиславовна
616,616,Управление,Руководитель,"Иванова Вера Алишаровна",,,,1,1,Иванова,Вера,Алишаровна
617,617,Управление,Руководитель,"Тахидзе Мария Ивановна",,,,1,1,Тахидзе,Мария,Ивановна
618,618,Управление,Руководитель,"Тихонов Юрий Петрович",,,,1,1,Тихонов,Юрий,Петрович
619,619,Управление,Руководитель,"Соколова Александра Петровна",,,,1,1,Соколова,Александра,Петровна
620,620,Управление,Руководитель,"Сидоров Петр Михайлович",,,,1,1,Сидоров,Петр,Михайлович
621,621,Управление,Руководитель,"Ванин Альфред Михайлович",,,,1,1,Ванин,Альфред,Михайлович
622,622,Управление,Руководитель,"Вейцель Александра Павловна",,,,1,1,Вейцель,Александра,Павловна
623,623,Управление,Руководитель,"Ванина Алла Викторовна",,,,1,1,Ванина,Алла,Викторовна
624,624,Управление,Руководитель,"Миронов Альфред Альфредович",,,,1,1,Миронов,Альфред,Альфредович
625,625,Управление,Руководитель,"Ли Тимофей Павлович",,,,1,1,Ли,Тимофей,Павлович
626,626,Управление,Руководитель,"Иванов Гиви Алексеевич",,,,1,1,Иванов,Гиви,Алексеевич
627,627,Управление,Руководитель,"Вейцель Игорь Сергеевич",,,,1,1,Вейцель,Игорь,Сергеевич
628,628,Управление,Руководитель,"Андреева Шахеризада Тимофеевна",,,,1,1,Андреева,Шахеризада,Тимофеевна
629,629,Управление,Руководитель,"Петрова Антонина Петровна",,,,1,1,Петрова,Антонина,Петровна
630,630,Управление,Руководитель,"Вонг Алексей Викторович",,,,1,1,Вонг,Алексей,Викторович
631,631,Управление,Руководитель,"Тихонов Игорь Петрович",,,,1,1,Тихонов,Игорь,Петрович
632,632,Управление,Руководитель,"Алиев Гиви Николаевич",,,,1,1,Алиев,Гиви,Николаевич
633,633,Управление,Руководитель,"Вонг Петр Алексеевич",,,,1,1,Вонг,Петр,Алексеевич
634,634,Управление,Руководитель,"Соколова Александра Юрьевна",,,,1,1,Соколова,Александра,Юрьевна
635,635,Управление,Руководитель,"Вейцель Антонина Андреевна",,,,1,1,Вейцель,Антонина,Андреевна
636,636,Управление,Руководитель,"Соколова Гюльчатай Валентиновна",,,,1,1,Соколова,Гюльчатай,Валентиновна
637,637,Управление,Руководитель,"Тимофеева Людмила Тимофеевна",,,,1,1,Тимофеева,Людмила,Тимофеевна
638,638,Управление,Руководитель,"Новиков Сергей Тимофеевич",,,,1,1,Новиков,Сергей,Тимофеевич
639,639,Управление,Руководитель,"Вейцель Гюрза Альфредовна",,,,1,1,Вейцель,Гюрза,Альфредовна
640,640,Управление,Руководитель,"Николаев Алексей Юрьевич",,,,1,1,Николаев,Алексей,Юрьевич
641,641,Управление,Руководитель,"Ли Елена Николаевна",,,,1,1,Ли,Елена,Николаевна
642,642,Управление,Руководитель,"Вейцель Андрей Петрович",,,,1,1,Вейцель,Андрей,Петрович
643,643,Управление,Руководитель,"Тахидзе Андрей Антонович",,,,1,1,Тахидзе,Андрей,Антонович
644,644,Управление,Руководитель,"Миронова Гюльчатай Викторовна",,,,1,1,Миронова,Гюльчатай,Викторовна
645,645,Управление,Руководитель,"Алиева Шахеризада Тимофеевна",,,,1,1,Алиева,Шахеризада,Тимофеевна
646,646,Управление,Руководитель,"Тахидзе Михаил Михайлович",,,,1,1,Тахидзе,Михаил,Михайлович
647,647,Управление,Руководитель,"Ли Юрий Евгениевич",,,,1,1,Ли,Юрий,Евгениевич
648,648,Управление,Руководитель,"Ванина Анна Николаевна",,,,1,1,Ванина,Анна,Николаевна
649,649,Управление,Руководитель,"Иванов Михаил Алишарович",,,,1,1,Иванов,Михаил,Алишарович
650,650,Управление,Руководитель,"Иванов Виктор Владиславович",,,,1,1,Иванов,Виктор,Владиславович
651,651,Управление,Руководитель,"Беляков Валентин Игоревич",,,,1,1,Беляков,Валентин,Игоревич
652,652,Управление,Руководитель,"Тимофеев Альфред Сергеевич",,,,1,1,Тимофеев,Альфред,Сергеевич
653,653,Управление,Руководитель,"Алиев Владлен Андреевич",,,,1,1,Алиев,Владлен,Андреевич
654,654,Управление,Руководитель,"Тихонова Надежда Владленовна",,,,1,1,Тихонова,Надежда,Владленовна
655,655,Управление,Руководитель,"Тахидзе Виктор Алишарович",,,,1,1,Тахидзе,Виктор,Алишарович
656,656,Управление,Руководитель,"Вонг Елена Игоревна",,,,1,1,Вонг,Елена,Игоревна
657,657,Управление,Руководитель,"Вонг Альфред Петрович",,,,1,1,Вонг,Альфред,Петрович
658,658,Управление,Руководитель,"Ванин Альфред Юрьевич",,,,1,1,Ванин,Альфред,Юрьевич
659,659,Управление,Руководитель,"Тихонов Игорь Иванович",,,,1,1,Тихонов,Игорь,Иванович
661,661,Управление,Руководитель,"Иванов Павел Альфредович",,,,1,1,Иванов,Павел,Альфредович
662,662,Управление,Руководитель,"Сидоров Альфред Николаевич",,,,1,1,Сидоров,Альфред,Николаевич
663,663,Управление,Руководитель,"Григорян Иван Владиславович",,,,1,1,Григорян,Иван,Владиславович
664,664,Управление,Руководитель,"Миронов Евгений Тимофеевич",,,,1,1,Миронов,Евгений,Тимофеевич
665,665,Управление,Руководитель,"Сидоров Игорь Игоревич",,,,1,1,Сидоров,Игорь,Игоревич
666,666,Управление,Руководитель,"Вейцель Антонина Викторовна",,,,1,1,Вейцель,Антонина,Викторовна
667,667,Управление,Руководитель,"Алиев Валентин Владленович",,,,1,1,Алиев,Валентин,Владленович
668,668,Управление,Руководитель,"Иванов Алексей Алексеевич",,,,1,1,Иванов,Алексей,Алексеевич
669,669,Управление,Руководитель,"Андреев Владислав Тимофеевич",,,,1,1,Андреев,Владислав,Тимофеевич
670,670,Управление,Руководитель,"Новиков Евгений Николаевич",,,,1,1,Новиков,Евгений,Николаевич
671,671,Управление,Руководитель,"Иванова Надежда Владленовна",,,,1,1,Иванова,Надежда,Владленовна
672,672,Управление,Руководитель,"Вейцель Гиви Петрович",,,,1,1,Вейцель,Гиви,Петрович
673,673,Управление,Руководитель,"Беляков Петр Евгениевич",,,,1,1,Беляков,Петр,Евгениевич
674,674,Управление,Руководитель,"Ли Павел Петрович",,,,1,1,Ли,Павел,Петрович
675,675,Управление,Руководитель,"Новиков Валентин Петрович",,,,1,1,Новиков,Валентин,Петрович
676,676,Управление,Руководитель,"Николаев Николай Владиславович",,,,1,1,Николаев,Николай,Владиславович
677,677,Управление,Руководитель,"Титова Шахеризада Альфредовна",,,,1,1,Титова,Шахеризада,Альфредовна
678,678,Управление,Руководитель,"Миронова Вера Тимофеевна",,,,1,1,Миронова,Вера,Тимофеевна
679,679,Управление,Руководитель,"Белякова Анна Антоновна",,,,1,1,Белякова,Анна,Антоновна
680,680,Управление,Руководитель,"Вонг Виктор Иванович",,,,1,1,Вонг,Виктор,Иванович
681,681,Управление,Руководитель,"Ванин Иван Петрович",,,,1,1,Ванин,Иван,Петрович
682,682,Управление,Руководитель,"Ванина Елена Владленовна",,,,1,1,Ванина,Елена,Владленовна
683,683,Управление,Руководитель,"Ли Надежда Петровна",,,,1,1,Ли,Надежда,Петровна
684,684,Управление,Руководитель,"Тахидзе Николай Алексеевич",,,,1,1,Тахидзе,Николай,Алексеевич
685,685,Управление,Руководитель,"Иванов Виктор Тимофеевич",,,,1,1,Иванов,Виктор,Тимофеевич
686,686,Управление,Руководитель,"Тахидзе Гюрза Валентиновна",,,,1,1,Тахидзе,Гюрза,Валентиновна
687,687,Управление,Руководитель,"Беляков Алишар Михайлович",,,,1,1,Беляков,Алишар,Михайлович
688,688,Управление,Руководитель,"Иванов Павел Альфредович",,,,1,1,Иванов,Павел,Альфредович
689,689,Управление,Руководитель,"Тимофеева Эвелина Евгениевна",,,,1,1,Тимофеева,Эвелина,Евгениевна
690,690,Управление,Руководитель,"Титов Алишар Евгениевич",,,,1,1,Титов,Алишар,Евгениевич
691,691,Управление,Руководитель,"Тахидзе Антон Николаевич",,,,1,1,Тахидзе,Антон,Николаевич
693,693,Управление,Руководитель,"Беляков Андрей Евгениевич",,,,1,1,Беляков,Андрей,Евгениевич
694,694,Управление,Руководитель,"Алиев Андрей Петрович",,,,1,1,Алиев,Андрей,Петрович
695,695,Управление,Руководитель,"Ли Мария Павловна",,,,1,1,Ли,Мария,Павловна
696,696,Управление,Руководитель,"Вейцель Валентин Алексеевич",,,,1,1,Вейцель,Валентин,Алексеевич
697,697,Управление,Руководитель,"Титов Андрей Альфредович",,,,1,1,Титов,Андрей,Альфредович
698,698,Управление,Руководитель,"Сидорова Александра Андреевна",,,,1,1,Сидорова,Александра,Андреевна
699,699,Управление,Руководитель,"Вонг Владислав Тимофеевич",,,,1,1,Вонг,Владислав,Тимофеевич
700,700,Управление,Руководитель,"Беляков Николай Алексеевич",,,,1,1,Беляков,Николай,Алексеевич
701,701,Управление,Руководитель,"Иванов Валентин Михайлович",,,,1,1,Иванов,Валентин,Михайлович
702,702,Управление,Руководитель,"Зайцев Петр Владленович",,,,1,1,Зайцев,Петр,Владленович
703,703,Управление,Руководитель,"Ли Гиви Алексеевич",,,,1,1,Ли,Гиви,Алексеевич
704,704,Управление,Руководитель,"Соколова Марина Петровна",,,,1,1,Соколова,Марина,Петровна
705,705,Управление,Руководитель,"Ли Гюрза Павловна",,,,1,1,Ли,Гюрза,Павловна
706,706,Управление,Руководитель,"Новиков Валентин Игоревич",,,,1,1,Новиков,Валентин,Игоревич
707,707,Управление,Руководитель,"Николаев Гиви Андреевич",,,,1,1,Николаев,Гиви,Андреевич
708,708,Управление,Руководитель,"Вонг Гюрза Альфредовна",,,,1,1,Вонг,Гюрза,Альфредовна
709,709,Управление,Руководитель,"Титов Альфред Иванович",,,,1,1,Титов,Альфред,Иванович
711,711,Управление,Руководитель,"Андреев Сергей Сергеевич",,,,1,1,Андреев,Сергей,Сергеевич
712,712,Управление,Руководитель,"Андреева Юлия Владиславовна",,,,1,1,Андреева,Юлия,Владиславовна
713,713,Управление,Руководитель,"Зайцева Марина Павловна",,,,1,1,Зайцева,Марина,Павловна
714,714,Управление,Руководитель,"Андреев Евгений Владленович",,,,1,1,Андреев,Евгений,Владленович
715,715,Управление,Руководитель,"Новиков Виктор Петрович",,,,1,1,Новиков,Виктор,Петрович
716,716,Управление,Руководитель,"Григорян Гюрза Андреевна",,,,1,1,Григорян,Гюрза,Андреевна
717,717,Управление,Руководитель,"Петрова Гюльчатай Владиславовна",,,,1,1,Петрова,Гюльчатай,Владиславовна
718,718,Управление,Руководитель,"Ли Михаил Алишарович",,,,1,1,Ли,Михаил,Алишарович
719,719,Управление,Руководитель,"Ли Эвелина Петровна",,,,1,1,Ли,Эвелина,Петровна
720,720,Управление,Руководитель,"Тимофеева Марина Петровна",,,,1,1,Тимофеева,Марина,Петровна
721,721,Управление,Руководитель,"Вейцель Алишар Антонович",,,,1,1,Вейцель,Алишар,Антонович
722,722,Управление,Руководитель,"Ли Павел Михайлович",,,,1,1,Ли,Павел,Михайлович
723,723,Управление,Руководитель,"Миронов Игорь Сергеевич",,,,1,1,Миронов,Игорь,Сергеевич
724,724,Управление,Руководитель,"Андреев Альфред Валентинович",,,,1,1,Андреев,Альфред,Валентинович
725,725,Управление,Руководитель,"Миронов Юрий Михайлович",,,,1,1,Миронов,Юрий,Михайлович
726,726,Управление,Руководитель,"Белякова Гюльчатай Антоновна",,,,1,1,Белякова,Гюльчатай,Антоновна
727,727,Управление,Руководитель,"Ванина Наталья Петровна",,,,1,1,Ванина,Наталья,Петровна
728,728,Управление,Руководитель,"Ли Юрий Алишарович",,,,1,1,Ли,Юрий,Алишарович
729,729,Управление,Руководитель,"Зайцев Тимофей Петрович",,,,1,1,Зайцев,Тимофей,Петрович
730,730,Управление,Руководитель,"Петров Игорь Павлович",,,,1,1,Петров,Игорь,Павлович
731,731,Управление,Руководитель,"Титов Гиви Петрович",,,,1,1,Титов,Гиви,Петрович
732,732,Управление,Руководитель,"Тахидзе Петр Иванович",,,,1,1,Тахидзе,Петр,Иванович
733,733,Управление,Руководитель,"Андреев Гиви Валентинович",,,,1,1,Андреев,Гиви,Валентинович
734,734,Управление,Руководитель,"Ли Тимофей Михайлович",,,,1,1,Ли,Тимофей,Михайлович
735,735,Управление,Руководитель,"Иванов Гиви Валентинович",,,,1,1,Иванов,Гиви,Валентинович
736,736,Управление,Руководитель,"Новиков Валентин Петрович",,,,1,1,Новиков,Валентин,Петрович
737,737,Управление,Руководитель,"Андреев Иван Антонович",,,,1,1,Андреев,Иван,Антонович
738,738,Управление,Руководитель,"Тимофеева Надежда Павловна",,,,1,1,Тимофеева,Надежда,Павловна
739,739,Управление,Руководитель,"Тахидзе Антонина Михайловна",,,,1,1,Тахидзе,Антонина,Михайловна
740,740,Управление,Руководитель,"Титов Игорь Петрович",,,,1,1,Титов,Игорь,Петрович
741,741,Управление,Руководитель,"Вейцель Владлен Петрович",,,,1,1,Вейцель,Владлен,Петрович
742,742,Управление,Руководитель,"Тимофеева Эвелина Викторовна",,,,1,1,Тимофеева,Эвелина,Викторовна
743,743,Управление,Руководитель,"Тихонова Антонина Михайловна",,,,1,1,Тихонова,Антонина,Михайловна
744,744,Управление,Руководитель,"Соколова Александра Альфредовна",,,,1,1,Соколова,Александра,Альфредовна
745,745,Управление,Руководитель,"Николаев Петр Юрьевич",,,,1,1,Николаев,Петр,Юрьевич
746,746,Управление,Руководитель,"Тимофеев Петр Игоревич",,,,1,1,Тимофеев,Петр,Игоревич
747,747,Управление,Руководитель,"Григорян Иван Тимофеевич",,,,1,1,Григорян,Иван,Тимофеевич
748,748,Управление,Руководитель,"Зайцева Антонина Петровна",,,,1,1,Зайцева,Антонина,Петровна
749,749,Управление,Руководитель,"Тимофеев Тимофей Викторович",,,,1,1,Тимофеев,Тимофей,Викторович
750,750,Управление,Руководитель,"Петров Евгений Игоревич",,,,1,1,Петров,Евгений,Игоревич
752,752,Управление,Руководитель,"Петров Петр Владленович",,,,1,1,Петров,Петр,Владленович
753,753,Управление,Руководитель,"Вейцель Любовь Алексеевна",,,,1,1,Вейцель,Любовь,Алексеевна
754,754,Управление,Руководитель,"Беляков Иван Викторович",,,,1,1,Беляков,Иван,Викторович
755,755,Управление,Руководитель,"Вейцель Сергей Сергеевич",,,,1,1,Вейцель,Сергей,Сергеевич
756,756,Управление,Руководитель,"Николаев Антон Андреевич",,,,1,1,Николаев,Антон,Андреевич
757,757,Управление,Руководитель,"Петрова Людмила Антоновна",,,,1,1,Петрова,Людмила,Антоновна
758,758,Управление,Руководитель,"Вейцель Валентин Евгениевич",,,,1,1,Вейцель,Валентин,Евгениевич
759,759,Управление,Руководитель,"Алиев Михаил Михайлович",,,,1,1,Алиев,Михаил,Михайлович
760,760,Управление,Руководитель,"Сидорова Гюльчатай Альфредовна",,,,1,1,Сидорова,Гюльчатай,Альфредовна
761,761,Управление,Руководитель,"Григорян Сергей Евгениевич",,,,1,1,Григорян,Сергей,Евгениевич
762,762,Управление,Руководитель,"Тимофеева Анастасия Владленовна",,,,1,1,Тимофеева,Анастасия,Владленовна
763,763,Управление,Руководитель,"Андреев Игорь Алишарович",,,,1,1,Андреев,Игорь,Алишарович
764,764,Управление,Руководитель,"Миронов Антон Андреевич",,,,1,1,Миронов,Антон,Андреевич
765,765,Управление,Руководитель,"Тихонов Юрий Юрьевич",,,,1,1,Тихонов,Юрий,Юрьевич
766,766,Управление,Руководитель,"Тихонова Антонина Петровна",,,,1,1,Тихонова,Антонина,Петровна
767,767,Управление,Руководитель,"Петров Павел Андреевич",,,,1,1,Петров,Павел,Андреевич
768,768,Управление,Руководитель,"Николаев Игорь Валентинович",,,,1,1,Николаев,Игорь,Валентинович
769,769,Управление,Руководитель,"Сидоров Антон Валентинович",,,,1,1,Сидоров,Антон,Валентинович
770,770,Управление,Руководитель,"Ванин Алексей Андреевич",,,,1,1,Ванин,Алексей,Андреевич
771,771,Управление,Руководитель,"Титов Евгений Алексеевич",,,,1,1,Титов,Евгений,Алексеевич
772,772,Управление,Руководитель,"Григорян Марина Владленовна",,,,1,1,Григорян,Марина,Владленовна
773,773,Управление,Руководитель,"Андреева Марина Владиславовна",,,,1,1,Андреева,Марина,Владиславовна
774,774,Управление,Руководитель,"Андреев Владлен Павлович",,,,1,1,Андреев,Владлен,Павлович
775,775,Управление,Руководитель,"Петрова Наталья Петровна",,,,1,1,Петрова,Наталья,Петровна
776,776,Управление,Руководитель,"Ли Антон Иванович",,,,1,1,Ли,Антон,Иванович
777,777,Управление,Руководитель,"Андреев Павел Альфредович",,,,1,1,Андреев,Павел,Альфредович
778,778,Управление,Руководитель,"Беляков Альфред Владиславович",,,,1,1,Беляков,Альфред,Владиславович
779,779,Управление,Руководитель,"Петров Альфред Петрович",,,,1,1,Петров,Альфред,Петрович
780,780,Управление,Руководитель,"Тихонов Тимофей Владиславович",,,,1,1,Тихонов,Тимофей,Владиславович
781,781,Управление,Руководитель,"Миронов Виктор Петрович",,,,1,1,Миронов,Виктор,Петрович
782,782,Управление,Руководитель,"Вонг Раиса Ивановна",,,,1,1,Вонг,Раиса,Ивановна
783,783,Управление,Руководитель,"Ванин Михаил Владленович",,,,1,1,Ванин,Михаил,Владленович
784,784,Управление,Руководитель,"Вейцель Гюльчатай Павловна",,,,1,1,Вейцель,Гюльчатай,Павловна
785,785,Управление,Руководитель,"Сидорова Александра Ивановна",,,,1,1,Сидорова,Александра,Ивановна
786,786,Управление,Руководитель,"Тихонов Сергей Павлович",,,,1,1,Тихонов,Сергей,Павлович
787,787,Управление,Руководитель,"Беляков Игорь Петрович",,,,1,1,Беляков,Игорь,Петрович
788,788,Управление,Руководитель,"Алиева Гюрза Владленовна",,,,1,1,Алиева,Гюрза,Владленовна
789,789,Управление,Руководитель,"Зайцев Альфред Михайлович",,,,1,1,Зайцев,Альфред,Михайлович
790,790,Управление,Руководитель,"Григорян Игорь Алексеевич",,,,1,1,Григорян,Игорь,Алексеевич
791,791,Управление,Руководитель,"Иванов Владислав Юрьевич",,,,1,1,Иванов,Владислав,Юрьевич
792,792,Управление,Руководитель,"Ванин Виктор Викторович",,,,1,1,Ванин,Виктор,Викторович
793,793,Управление,Руководитель,"Иванов Сергей Тимофеевич",,,,1,1,Иванов,Сергей,Тимофеевич
794,794,Управление,Руководитель,"Алиев Владислав Андреевич",,,,1,1,Алиев,Владислав,Андреевич
795,795,Управление,Руководитель,"Алиев Алексей Иванович",,,,1,1,Алиев,Алексей,Иванович
796,796,Управление,Руководитель,"Ли Антонина Евгениевна",,,,1,1,Ли,Антонина,Евгениевна
797,797,Управление,Руководитель,"Зайцев Игорь Николаевич",,,,1,1,Зайцев,Игорь,Николаевич
798,798,Управление,Руководитель,"Григорян Николай Михайлович",,,,1,1,Григорян,Николай,Михайлович
799,799,Управление,Руководитель,"Новиков Гиви Петрович",,,,1,1,Новиков,Гиви,Петрович
800,800,Управление,Руководитель,"Алиев Валентин Павлович",,,,1,1,Алиев,Валентин,Павлович
801,801,Управление,Руководитель,"Соколова Анастасия Юрьевна",,,,1,1,Соколова,Анастасия,Юрьевна
802,802,Управление,Руководитель,"Тахидзе Виктор Михайлович",,,,1,1,Тахидзе,Виктор,Михайлович
803,803,Управление,Руководитель,"Николаев Гиви Михайлович",,,,1,1,Николаев,Гиви,Михайлович
804,804,Управление,Руководитель,"Григорян Валентин Алексеевич",,,,1,1,Григорян,Валентин,Алексеевич
805,805,Управление,Руководитель,"Зайцев Андрей Валентинович",,,,1,1,Зайцев,Андрей,Валентинович
806,806,Управление,Руководитель,"Титов Алишар Петрович",,,,1,1,Титов,Алишар,Петрович
807,807,Управление,Руководитель,"Андреев Сергей Антонович",,,,1,1,Андреев,Сергей,Антонович
808,808,Управление,Руководитель,"Алиева Ольга Петровна",,,,1,1,Алиева,Ольга,Петровна
809,809,Управление,Руководитель,"Новиков Альфред Алексеевич",,,,1,1,Новиков,Альфред,Алексеевич
810,810,Управление,Руководитель,"Титов Николай Павлович",,,,1,1,Титов,Николай,Павлович
811,811,Управление,Руководитель,"Алиев Сергей Владиславович",,,,1,1,Алиев,Сергей,Владиславович
812,812,Управление,Руководитель,"Ли Николай Викторович",,,,1,1,Ли,Николай,Викторович
813,813,Управление,Руководитель,"Зайцев Сергей Игоревич",,,,1,1,Зайцев,Сергей,Игоревич
814,814,Управление,Руководитель,"Тахидзе Юрий Владиславович",,,,1,1,Тахидзе,Юрий,Владиславович
815,815,Управление,Руководитель,"Петров Иван Викторович",,,,1,1,Петров,Иван,Викторович
816,816,Управление,Руководитель,"Алиев Гиви Владленович",,,,1,1,Алиев,Гиви,Владленович
817,817,Управление,Руководитель,"Тимофеева Вера Евгениевна",,,,1,1,Тимофеева,Вера,Евгениевна
818,818,Управление,Руководитель,"Ванин Сергей Сергеевич",,,,1,1,Ванин,Сергей,Сергеевич
819,819,Управление,Руководитель,"Миронов Владлен Викторович",,,,1,1,Миронов,Владлен,Викторович
820,820,Управление,Руководитель,"Вейцель Виктор Игоревич",,,,1,1,Вейцель,Виктор,Игоревич
821,821,Управление,Руководитель,"Миронова Александра Ивановна",,,,1,1,Миронова,Александра,Ивановна
822,822,Управление,Руководитель,"Петрова Юлия Игоревна",,,,1,1,Петрова,Юлия,Игоревна
823,823,Управление,Руководитель,"Вейцель Владлен Алексеевич",,,,1,1,Вейцель,Владлен,Алексеевич
824,824,Управление,Руководитель,"Вейцель Петр Алексеевич",,,,1,1,Вейцель,Петр,Алексеевич
825,825,Управление,Руководитель,"Иванов Альфред Сергеевич",,,,1,1,Иванов,Альфред,Сергеевич
826,826,Управление,Руководитель,"Петров Павел Евгениевич",,,,1,1,Петров,Павел,Евгениевич
828,828,Управление,Руководитель,"Иванов Виктор Андреевич",,,,1,1,Иванов,Виктор,Андреевич
829,829,Управление,Руководитель,"Вейцель Вера Павловна",,,,1,1,Вейцель,Вера,Павловна
830,830,Управление,Руководитель,"Тахидзе Игорь Юрьевич",,,,1,1,Тахидзе,Игорь,Юрьевич
831,831,Управление,Руководитель,"Григорян Евгений Антонович",,,,1,1,Григорян,Евгений,Антонович
832,832,Управление,Руководитель,"Новиков Евгений Юрьевич",,,,1,1,Новиков,Евгений,Юрьевич
833,833,Управление,Руководитель,"Новиков Андрей Юрьевич",,,,1,1,Новиков,Андрей,Юрьевич
834,834,Управление,Руководитель,"Иванов Виктор Евгениевич",,,,1,1,Иванов,Виктор,Евгениевич
835,835,Управление,Руководитель,"Сидорова Наталья Валентиновна",,,,1,1,Сидорова,Наталья,Валентиновна
836,836,Управление,Руководитель,"Сидоров Алишар Викторович",,,,1,1,Сидоров,Алишар,Викторович
837,837,Управление,Руководитель,"Тахидзе Андрей Антонович",,,,1,1,Тахидзе,Андрей,Антонович
838,838,Управление,Руководитель,"Соколов Николай Викторович",,,,1,1,Соколов,Николай,Викторович
839,839,Управление,Руководитель,"Титов Альфред Петрович",,,,1,1,Титов,Альфред,Петрович
840,840,Управление,Руководитель,"Беляков Тимофей Павлович",,,,1,1,Беляков,Тимофей,Павлович
841,841,Управление,Руководитель,"Григорян Игорь Игоревич",,,,1,1,Григорян,Игорь,Игоревич
843,843,Управление,Руководитель,"Ли Наталья Михайловна",,,,1,1,Ли,Наталья,Михайловна
844,844,Управление,Руководитель,"Алиева Ольга Валентиновна",,,,1,1,Алиева,Ольга,Валентиновна
846,846,Управление,Руководитель,"Зайцев Альфред Альфредович",,,,1,1,Зайцев,Альфред,Альфредович
847,847,Управление,Руководитель,"Андреев Владлен Петрович",,,,1,1,Андреев,Владлен,Петрович
848,848,Управление,Руководитель,"Титова Вера Игоревна",,,,1,1,Титова,Вера,Игоревна
849,849,Управление,Руководитель,"Титова Наталья Евгениевна",,,,1,1,Титова,Наталья,Евгениевна
851,851,Управление,Руководитель,"Соколов Виктор Николаевич",,,,1,1,Соколов,Виктор,Николаевич
852,852,Управление,Руководитель,"Ли Ольга Валентиновна",,,,1,1,Ли,Ольга,Валентиновна
853,853,Управление,Руководитель,"Алиева Наталья Алексеевна",,,,1,1,Алиева,Наталья,Алексеевна
854,854,Управление,Руководитель,"Иванова Юлия Владленовна",,,,1,1,Иванова,Юлия,Владленовна
855,855,Управление,Руководитель,"Андреева Надежда Михайловна",,,,1,1,Андреева,Надежда,Михайловна
856,856,Управление,Руководитель,"Ванина Людмила Валентиновна",,,,1,1,Ванина,Людмила,Валентиновна
857,857,Управление,Руководитель,"Тахидзе Алишар Иванович",,,,1,1,Тахидзе,Алишар,Иванович
859,859,Управление,Руководитель,"Новиков Алексей Николаевич",,,,1,1,Новиков,Алексей,Николаевич
860,860,Управление,Руководитель,"Петров Алексей Игоревич",,,,1,1,Петров,Алексей,Игоревич
861,861,Управление,Руководитель,"Петров Гиви Сергеевич",,,,1,1,Петров,Гиви,Сергеевич
862,862,Управление,Руководитель,"Вейцель Мария Петровна",,,,1,1,Вейцель,Мария,Петровна
863,863,Управление,Руководитель,"Иванов Алишар Алишарович",,,,1,1,Иванов,Алишар,Алишарович
864,864,Управление,Руководитель,"Андреев Юрий Евгениевич",,,,1,1,Андреев,Юрий,Евгениевич
865,865,Управление,Руководитель,"Ванина Анна Владленовна",,,,1,1,Ванина,Анна,Владленовна
866,866,Управление,Руководитель,"Соколова Гюрза Ивановна",,,,1,1,Соколова,Гюрза,Ивановна
867,867,Управление,Руководитель,"Иванова Анастасия Сергеевна",,,,1,1,Иванова,Анастасия,Сергеевна
868,868,Управление,Руководитель,"Миронов Валентин Иванович",,,,1,1,Миронов,Валентин,Иванович
869,869,Управление,Руководитель,"Вейцель Тимофей Иванович",,,,1,1,Вейцель,Тимофей,Иванович
870,870,Управление,Руководитель,"Новикова Любовь Алексеевна",,,,1,1,Новикова,Любовь,Алексеевна
871,871,Управление,Руководитель,"Беляков Петр Иванович",,,,1,1,Беляков,Петр,Иванович
872,872,Управление,Руководитель,"Григорян Иван Андреевич",,,,1,1,Григорян,Иван,Андреевич
873,873,Управление,Руководитель,"Беляков Петр Михайлович",,,,1,1,Беляков,Петр,Михайлович
874,874,Управление,Руководитель,"Петров Евгений Альфредович",,,,1,1,Петров,Евгений,Альфредович
875,875,Управление,Руководитель,"Григорян Евгений Валентинович",,,,1,1,Григорян,Евгений,Валентинович
876,876,Управление,Руководитель,"Петров Гиви Альфредович",,,,1,1,Петров,Гиви,Альфредович
877,877,Управление,Руководитель,"Ли Евгений Алексеевич",,,,1,1,Ли,Евгений,Алексеевич
878,878,Управление,Руководитель,"Соколов Андрей Петрович",,,,1,1,Соколов,Андрей,Петрович
879,879,Управление,Руководитель,"Григорян Антон Юрьевич",,,,1,1,Григорян,Антон,Юрьевич
880,880,Управление,Руководитель,"Тимофеев Альфред Петрович",,,,1,1,Тимофеев,Альфред,Петрович
881,881,Управление,Руководитель,"Николаев Сергей Альфредович",,,,1,1,Николаев,Сергей,Альфредович
882,882,Управление,Руководитель,"Алиев Николай Викторович",,,,1,1,Алиев,Николай,Викторович
883,883,Управление,Руководитель,"Новиков Евгений Тимофеевич",,,,1,1,Новиков,Евгений,Тимофеевич
884,884,Управление,Руководитель,"Тахидзе Людмила Андреевна",,,,1,1,Тахидзе,Людмила,Андреевна
885,885,Управление,Руководитель,"Соколов Петр Евгениевич",,,,1,1,Соколов,Петр,Евгениевич
886,886,Управление,Руководитель,"Тихонова Гюрза Антоновна",,,,1,1,Тихонова,Гюрза,Антоновна
887,887,Управление,Руководитель,"Титов Андрей Алишарович",,,,1,1,Титов,Андрей,Алишарович
888,888,Управление,Руководитель,"Вонг Владислав Алишарович",,,,1,1,Вонг,Владислав,Алишарович
889,889,Управление,Руководитель,"Николаев Михаил Андреевич",,,,1,1,Николаев,Михаил,Андреевич
890,890,Управление,Руководитель,"Соколов Андрей Викторович",,,,1,1,Соколов,Андрей,Викторович
891,891,Управление,Руководитель,"Новикова Александра Алексеевна",,,,1,1,Новикова,Александра,Алексеевна
892,892,Управление,Руководитель,"Григорян Альфред Викторович",,,,1,1,Григорян,Альфред,Викторович
893,893,Управление,Руководитель,"Титова Анастасия Петровна",,,,1,1,Титова,Анастасия,Петровна
894,894,Управление,Руководитель,"Тихонова Юлия Валентиновна",,,,1,1,Тихонова,Юлия,Валентиновна
895,895,Управление,Руководитель,"Николаев Алишар Антонович",,,,1,1,Николаев,Алишар,Антонович
896,896,Управление,Руководитель,"Андреев Игорь Андреевич",,,,1,1,Андреев,Игорь,Андреевич
897,897,Управление,Руководитель,"Новиков Евгений Петрович",,,,1,1,Новиков,Евгений,Петрович
898,898,Управление,Руководитель,"Титов Валентин Николаевич",,,,1,1,Титов,Валентин,Николаевич
899,899,Управление,Руководитель,"Тимофеев Сергей Валентинович",,,,1,1,Тимофеев,Сергей,Валентинович
900,900,Управление,Руководитель,"Николаева Надежда Валентиновна",,,,1,1,Николаева,Надежда,Валентиновна
902,902,Управление,Руководитель,"Сидоров Игорь Андреевич",,,,1,1,Сидоров,Игорь,Андреевич
903,903,Управление,Руководитель,"Ванин Тимофей Михайлович",,,,1,1,Ванин,Тимофей,Михайлович
904,904,Управление,Руководитель,"Ли Игорь Андреевич",,,,1,1,Ли,Игорь,Андреевич
905,905,Управление,Руководитель,"Николаев Андрей Алексеевич",,,,1,1,Николаев,Андрей,Алексеевич
907,907,Управление,Руководитель,"Ли Сергей Андреевич",,,,1,1,Ли,Сергей,Андреевич
908,908,Управление,Руководитель,"Петров Андрей Иванович",,,,1,1,Петров,Андрей,Иванович
909,909,Управление,Руководитель,"Ванин Гиви Сергеевич",,,,1,1,Ванин,Гиви,Сергеевич
910,910,Управление,Руководитель,"Тахидзе Павел Юрьевич",,,,1,1,Тахидзе,Павел,Юрьевич
911,911,Управление,Руководитель,"Новиков Алексей Евгениевич",,,,1,1,Новиков,Алексей,Евгениевич
913,913,Управление,Руководитель,"Сидоров Евгений Владленович",,,,1,1,Сидоров,Евгений,Владленович
914,914,Управление,Руководитель,"Соколова Антонина Петровна",,,,1,1,Соколова,Антонина,Петровна
915,915,Управление,Руководитель,"Миронова Алла Алексеевна",,,,1,1,Миронова,Алла,Алексеевна
916,916,Управление,Руководитель,"Ванин Алексей Викторович",,,,1,1,Ванин,Алексей,Викторович
917,917,Управление,Руководитель,"Иванов Николай Юрьевич",,,,1,1,Иванов,Николай,Юрьевич
918,918,Управление,Руководитель,"Зайцева Шахеризада Павловна",,,,1,1,Зайцева,Шахеризада,Павловна
919,919,Управление,Руководитель,"Григорян Мария Евгениевна",,,,1,1,Григорян,Мария,Евгениевна
920,920,Управление,Руководитель,"Тимофеев Юрий Петрович",,,,1,1,Тимофеев,Юрий,Петрович
921,921,Управление,Руководитель,"Тимофеев Игорь Игоревич",,,,1,1,Тимофеев,Игорь,Игоревич
922,922,Управление,Руководитель,"Вонг Алла Андреевна",,,,1,1,Вонг,Алла,Андреевна
923,923,Управление,Руководитель,"Николаев Владлен Петрович",,,,1,1,Николаев,Владлен,Петрович
924,924,Управление,Руководитель,"Беляков Иван Сергеевич",,,,1,1,Беляков,Иван,Сергеевич
925,925,Управление,Руководитель,"Тихонова Юлия Игоревна",,,,1,1,Тихонова,Юлия,Игоревна
926,926,Управление,Руководитель,"Григорян Алишар Тимофеевич",,,,1,1,Григорян,Алишар,Тимофеевич
927,927,Управление,Руководитель,"Сидоров Антон Петрович",,,,1,1,Сидоров,Антон,Петрович
928,928,Управление,Руководитель,"Вонг Надежда Евгениевна",,,,1,1,Вонг,Надежда,Евгениевна
929,929,Управление,Руководитель,"Иванов Тимофей Альфредович",,,,1,1,Иванов,Тимофей,Альфредович
930,930,Управление,Руководитель,"Титова Надежда Михайловна",,,,1,1,Титова,Надежда,Михайловна
931,931,Управление,Руководитель,"Титова Анна Михайловна",,,,1,1,Титова,Анна,Михайловна
932,932,Управление,Руководитель,"Новиков Альфред Петрович",,,,1,1,Новиков,Альфред,Петрович
933,933,Управление,Руководитель,"Соколов Гиви Тимофеевич",,,,1,1,Соколов,Гиви,Тимофеевич
934,934,Управление,Руководитель,"Белякова Мария Петровна",,,,1,1,Белякова,Мария,Петровна
935,935,Управление,Руководитель,"Титов Евгений Тимофеевич",,,,1,1,Титов,Евгений,Тимофеевич
936,936,Управление,Руководитель,"Николаев Виктор Николаевич",,,,1,1,Николаев,Виктор,Николаевич
937,937,Управление,Руководитель,"Григорян Николай Петрович",,,,1,1,Григорян,Николай,Петрович
938,938,Управление,Руководитель,"Тихонов Петр Викторович",,,,1,1,Тихонов,Петр,Викторович
939,939,Управление,Руководитель,"Григорян Любовь Владленовна",,,,1,1,Григорян,Любовь,Владленовна
940,940,Управление,Руководитель,"Тихонова Вера Михайловна",,,,1,1,Тихонова,Вера,Михайловна
941,941,Управление,Руководитель,"Андреев Михаил Альфредович",,,,1,1,Андреев,Михаил,Альфредович
942,942,Управление,Руководитель,"Тихонова Шахеризада Владленовна",,,,1,1,Тихонова,Шахеризада,Владленовна
943,943,Управление,Руководитель,"Сидоров Алишар Иванович",,,,1,1,Сидоров,Алишар,Иванович
944,944,Управление,Руководитель,"Ванин Михаил Антонович",,,,1,1,Ванин,Михаил,Антонович
945,945,Управление,Руководитель,"Тимофеев Алексей Петрович",,,,1,1,Тимофеев,Алексей,Петрович
946,946,Управление,Руководитель,"Сидоров Валентин Андреевич",,,,1,1,Сидоров,Валентин,Андреевич
947,947,Управление,Руководитель,"Тихонов Михаил Альфредович",,,,1,1,Тихонов,Михаил,Альфредович
948,948,Управление,Руководитель,"Петрова Гюрза Павловна",,,,1,1,Петрова,Гюрза,Павловна
949,949,Управление,Руководитель,"Миронов Антон Павлович",,,,1,1,Миронов,Антон,Павлович
950,950,Управление,Руководитель,"Ванин Юрий Юрьевич",,,,1,1,Ванин,Юрий,Юрьевич
952,952,Управление,Руководитель,"Титова Вера Валентиновна",,,,1,1,Титова,Вера,Валентиновна
988,203,,Руководитель,"Беляков Тимофей Петрович",,,,1,0,Беляков,Тимофей,Петрович
989,203,,Руководитель,"Беляков Тимофей Петрович",,,,0,1,Беляков,Тимофей,Петрович
990,196,,Руководитель,"Петров Антон Владиславович",,,,1,0,Петров,Антон,Владиславович
991,196,,Руководитель,"Петров Антон Владиславович",,,,0,1,Петров,Антон,Владиславович
992,225,,Руководитель,"Тахидзе Гюльчатай Валентиновна",,,,1,0,Тахидзе,Гюльчатай,Валентиновна
993,225,,Руководитель,"Тахидзе Гюльчатай Валентиновна",,,,0,1,Тахидзе,Гюльчатай,Валентиновна
996,117,,Руководитель,"Тихонов Альфред Тимофеевич",,,,1,0,Тихонов,Альфред,Тимофеевич
997,117,,Руководитель,"Тихонов Альфред Тимофеевич",,,,0,1,Тихонов,Альфред,Тимофеевич
1000,72,,Руководитель,"Вейцель Павел Михайлович",,,,1,0,Вейцель,Павел,Михайлович
1001,72,,Руководитель,"Вейцель Павел Михайлович",,,,0,1,Вейцель,Павел,Михайлович
1012,692,,Руководитель,"Ванин Николай Алексеевич",,,,1,0,Ванин,Николай,Алексеевич
1013,692,,Руководитель,"Ванин Николай Алексеевич",,,,0,1,Ванин,Николай,Алексеевич
1018,901,,Руководитель,"Сидоров Владислав Альфредович",,,,1,0,Сидоров,Владислав,Альфредович
1019,901,,Руководитель,"Сидоров Владислав Альфредович",,,,0,1,Сидоров,Владислав,Альфредович
1022,827,,Руководитель,"Николаева Анна Петровна",,,,1,0,Николаева,Анна,Петровна
1023,827,,Руководитель,"Николаева Анна Петровна",,,,0,1,Николаева,Анна,Петровна
1024,906,,Руководитель,"Беляков Игорь Николаевич",,,,1,0,Беляков,Игорь,Николаевич
1025,906,,Руководитель,"Беляков Игорь Николаевич",,,,0,1,Беляков,Игорь,Николаевич
1032,912,,Руководитель,"Вейцель Антон Иванович",,,,1,0,Вейцель,Антон,Иванович
1033,912,,Руководитель,"Вейцель Антон Иванович",,,,0,1,Вейцель,Антон,Иванович
1036,660,,Руководитель,"Григорян Тимофей Игоревич",,,,1,0,Григорян,Тимофей,Игоревич
1037,660,,Руководитель,"Григорян Тимофей Игоревич",,,,0,1,Григорян,Тимофей,Игоревич
1048,483,,Руководитель,"Алиев Алексей Игоревич",,,,1,0,Алиев,Алексей,Игоревич
1049,483,,Руководитель,"Алиев Алексей Игоревич",,,,0,1,Алиев,Алексей,Игоревич
1052,968,,Ректор,"П.-Б.Антанайтис Станиславас Римантас",55-07-27,,,1,0,П.-Б.Антанайтис,Станиславас,Римантас
1053,968,,"Инженер по ОНТ 1 кат.","Убиская Ольга Анатольевна",55-52-43,,,0,1,Убиская,Ольга,Анатольевна
1054,845,,Руководитель,"Ванин Павел Альфредович",,,,1,0,Ванин,Павел,Альфредович
1055,845,,Руководитель,"Ванин Павел Альфредович",,,,0,1,Ванин,Павел,Альфредович
1060,1,,Руководитель,"Иванов Антон Алексеевич",,,,1,0,Иванов,Антон,Алексеевич
1061,1,,Руководитель,"Иванов Антон Алексеевич",,,,0,1,Иванов,Антон,Алексеевич
1064,842,,Руководитель,"Беляков Алишар Владиславович",,,,1,0,Беляков,Алишар,Владиславович
1065,842,,Руководитель,"Беляков Алишар Владиславович",,,,0,1,Беляков,Алишар,Владиславович
1068,858,,Руководитель,"Вейцель Петр Евгениевич",,,,1,0,Вейцель,Петр,Евгениевич
1069,858,,Руководитель,"Вейцель Петр Евгениевич",,,,0,1,Вейцель,Петр,Евгениевич
1084,951,,Руководитель,"Николаев Сергей Михайлович",,,,1,0,Николаев,Сергей,Михайлович
1085,951,,Руководитель,"Николаев Сергей Михайлович",,,,0,1,Николаев,Сергей,Михайлович
1110,850,,Руководитель,"Зайцев Юрий Владиславович",,,,1,0,Зайцев,Юрий,Владиславович
1111,850,,Руководитель,"Зайцев Юрий Владиславович",,,,0,1,Зайцев,Юрий,Владиславович
1136,976,,"Генеральный директор","Генералов Сергей Борисович",220-47-70,,,1,0,Генералов,Сергей,Борисович
1137,976,,"Генеральный директор","Генералов Сергей Борисович",220-47-70,,,0,1,Генералов,Сергей,Борисович
